folder,n_timesteps,guidance,threshold,strategy,renoise_factor,use_t_next,schedule,fid,fid_clip,inception_score,kid
BASELINE,10,6,0.5,half-half,1.0,False,const,150.2776235690896,25.561349863818407,3.330822329767532,0.11888039213213208
BASELINE,10,6,0.5,img,1.0,False,const,142.2594332372641,24.630539742910017,3.463763115698798,0.10729621452952949
BASELINE,10,6,0.5,mask,1.0,False,const,150.34414764766052,25.24268672046113,3.312497759719715,0.11943749965715714
BASELINE,100,6,0.5,half-half,1.0,False,const,19.488834372041424,5.53479613208124,7.657624901735063,0.007747000720720734
BASELINE,100,6,0.5,img,1.0,False,const,19.293022047661736,5.587356068853566,7.653832222653657,0.0077315318043043495
BASELINE,100,6,0.5,mask,1.0,False,const,20.522888092012067,5.609039727848398,7.621801270082771,0.008258564907407425
best_cifar10,10,6,0.5,half-half,1.0,False,const,153.82166177596014,25.803416096438127,3.2371728480691755,0.12364102405655661
best_cifar10,10,6,0.5,half-half,1.0,False,linear,218.46351864052497,33.67693832249056,2.2709083623261797,0.2119518495245246
best_cifar10,10,6,0.5,half-half,1.0,False,quad,218.22000001958156,33.62790009356304,2.2764564117428394,0.2113029495895895
best_cifar10,10,6,0.5,half-half,1.0,True,const,65.0158067581437,15.256077615041853,5.296443524617508,0.04390397470720718
best_cifar10,10,6,0.5,half-half,1.0,True,linear,68.50816379554328,15.81848021193889,5.228413235532171,0.04827389976476483
best_cifar10,10,6,0.5,half-half,1.0,True,quad,68.36204439676288,15.815554398125556,5.210078581918808,0.047950111088588585
best_cifar10,10,6,0.5,half-half,1.5,False,const,153.6727185602394,25.833102261509396,3.252281680576319,0.1234595786786787
best_cifar10,10,6,0.5,half-half,1.5,False,linear,218.26749624777213,33.588231305054364,2.272536234397017,0.21152050885635632
best_cifar10,10,6,0.5,half-half,1.5,False,quad,218.30653246660515,33.67719288521749,2.2716651489473563,0.21075191349099093
best_cifar10,10,6,0.5,half-half,1.5,True,const,193.7517473673014,30.832016310876128,2.6822436994401615,0.15431869917167168
best_cifar10,10,6,0.5,half-half,1.5,True,linear,206.98913140269758,32.838667008073,2.483596274161344,0.17355205065065077
best_cifar10,10,6,0.5,half-half,1.5,True,quad,206.9458326000974,32.80160715509632,2.4828571856046646,0.17300283732232236
best_cifar10,10,6,0.5,half-half,2.0,False,const,153.51742240515915,25.770349258550752,3.2601734848495005,0.12357476525775773
best_cifar10,10,6,0.5,half-half,2.0,False,linear,218.30448122815102,33.70781807288325,2.2833938425289526,0.21128432586836843
best_cifar10,10,6,0.5,half-half,2.0,False,quad,217.8724106910603,33.679712326700134,2.281992230517648,0.21099239179429438
best_cifar10,10,6,0.5,half-half,2.0,True,const,256.7200339092149,39.82443521768017,2.1455828410647464,0.21983122713713715
best_cifar10,10,6,0.5,half-half,2.0,True,linear,272.2429091711066,43.56754341121141,1.8641409311352486,0.24636351057557554
best_cifar10,10,6,0.5,half-half,2.0,True,quad,272.25538306086526,43.556239803570605,1.8698629559162643,0.2466826380505505
best_cifar10,10,6,0.5,img,1.0,False,const,145.64660542211345,24.77702754730352,3.3903637650590466,0.113056125437938
best_cifar10,10,6,0.5,img,1.0,False,linear,144.58413817836305,24.68762506837794,3.4292352466326506,0.1114789513813814
best_cifar10,10,6,0.5,img,1.0,False,quad,145.05144032800388,24.625509815702785,3.403499292080612,0.11181643210210208
best_cifar10,10,6,0.5,img,1.0,True,const,63.198701261959,14.885032045910364,5.289489829743196,0.04142876407657656
best_cifar10,10,6,0.5,img,1.0,True,linear,62.35067956518503,14.758879853565475,5.335675301008789,0.04095734587587587
best_cifar10,10,6,0.5,img,1.0,True,quad,62.85207389796881,14.812836912722652,5.350427600851706,0.041553797439939956
best_cifar10,10,6,0.5,img,1.5,False,const,145.08625400721127,24.723616608224148,3.4133553839925432,0.11192521840590594
best_cifar10,10,6,0.5,img,1.5,False,linear,144.4478518263263,24.64092343128204,3.4272290411335544,0.11126931942192193
best_cifar10,10,6,0.5,img,1.5,False,quad,144.92230266333115,24.702983872385914,3.4203747805555724,0.11122499488988993
best_cifar10,10,6,0.5,img,1.5,True,const,189.08155269956882,29.757425281629416,2.720346050608577,0.14648726461961958
best_cifar10,10,6,0.5,img,1.5,True,linear,188.71867555401766,29.748051454684926,2.7374196844272847,0.1464337158308309
best_cifar10,10,6,0.5,img,1.5,True,quad,188.37036772399216,29.731054600559787,2.726916534974161,0.14595853950950954
best_cifar10,10,6,0.5,img,2.0,False,const,145.5184410187997,24.72819037590382,3.405796124759982,0.11238725767017019
best_cifar10,10,6,0.5,img,2.0,False,linear,145.00936067691674,24.741905858152478,3.3977071324697485,0.11205717528528522
best_cifar10,10,6,0.5,img,2.0,False,quad,145.24248704391084,24.759137319418073,3.403960394124527,0.1120004202827828
best_cifar10,10,6,0.5,img,2.0,True,const,250.53637329402903,38.32141192140188,2.2265721305215975,0.2098076250975977
best_cifar10,10,6,0.5,img,2.0,True,linear,250.43467889337296,38.37605214868016,2.226682857858894,0.20981971985485479
best_cifar10,10,6,0.5,img,2.0,True,quad,250.58412468213572,38.34771141383515,2.227279437619932,0.20999565079079077
best_cifar10,10,6,0.5,mask,1.0,False,const,152.39130906033768,25.626080153582038,3.265928935235626,0.12215660724974979
best_cifar10,10,6,0.5,mask,1.0,False,linear,219.14027923931215,33.93667364878451,2.249447582249152,0.2128623516041042
best_cifar10,10,6,0.5,mask,1.0,False,quad,219.18603889493076,33.980409547134045,2.251114256589152,0.21299466337337347
best_cifar10,10,6,0.5,mask,1.0,True,const,63.59435854998901,15.084137846321383,5.275729868998912,0.04183652228728725
best_cifar10,10,6,0.5,mask,1.0,True,linear,67.33135148996848,15.818110082559826,5.267520043710571,0.046819637467467465
best_cifar10,10,6,0.5,mask,1.0,True,quad,67.58678936557573,15.841247051775149,5.2127951650088145,0.046635936403903906
best_cifar10,10,6,0.5,mask,1.5,False,const,153.12131077946225,25.718449594110226,3.2533080841488893,0.1233972186461461
best_cifar10,10,6,0.5,mask,1.5,False,linear,218.99726507653406,33.99471979128461,2.2519479579736412,0.21293962259009006
best_cifar10,10,6,0.5,mask,1.5,False,quad,219.62831123157116,33.9313010229697,2.2545845276231598,0.21395565402402406
best_cifar10,10,6,0.5,mask,1.5,True,const,193.57154800801527,30.807167090308035,2.627673716492164,0.15788560315065062
best_cifar10,10,6,0.5,mask,1.5,True,linear,208.806581560028,32.89926660982521,2.4171005859493,0.1781676486236236
best_cifar10,10,6,0.5,mask,1.5,True,quad,208.94226456403783,32.8505235892698,2.4045275817992575,0.1787446597872873
best_cifar10,10,6,0.5,mask,2.0,False,const,153.26580375656658,25.730747162636007,3.241390938431312,0.12415529708958963
best_cifar10,10,6,0.5,mask,2.0,False,linear,219.40008151408094,33.95134642597864,2.2529127550166734,0.21285840173423423
best_cifar10,10,6,0.5,mask,2.0,False,quad,219.15383760721687,33.99304346161842,2.2454880809257487,0.21350560593843845
best_cifar10,10,6,0.5,mask,2.0,True,const,259.24915850850914,40.267143631146425,2.102853671390863,0.23005828732982983
best_cifar10,10,6,0.5,mask,2.0,True,linear,273.1763095599399,43.74494705010284,1.8531575813410124,0.2524187782232232
best_cifar10,10,6,0.5,mask,2.0,True,quad,273.0174147568435,43.75226527510189,1.8545497348683284,0.2517929708333333
best_cifar10,100,6,0.5,half-half,1.0,False,const,22.93091208425733,7.15169738898868,7.304744811752019,0.00987722601601603
best_cifar10,100,6,0.5,half-half,1.0,False,linear,24.172266865268455,7.633641378848644,7.2634688479605956,0.011506856674174167
best_cifar10,100,6,0.5,half-half,1.0,False,quad,24.24137899825587,7.67804421750332,7.209652462469777,0.011680155598098095
best_cifar10,100,6,0.5,half-half,1.0,True,const,20.16115295760312,6.81491181925545,7.566591008222329,0.0068669425925925905
best_cifar10,100,6,0.5,half-half,1.0,True,linear,19.567180978040938,6.294045188811481,7.468192120652895,0.006448723213213207
best_cifar10,100,6,0.5,half-half,1.0,True,quad,19.6577204903561,6.353207667113381,7.542351413440434,0.006632000295295316
best_cifar10,100,6,0.5,half-half,1.5,False,const,22.809209872726797,7.131888740403262,7.313612802062257,0.009952032987987997
best_cifar10,100,6,0.5,half-half,1.5,False,linear,24.392010517682706,7.708819107396103,7.257154718847725,0.011664128270770784
best_cifar10,100,6,0.5,half-half,1.5,False,quad,24.37855800653756,7.748103767441457,7.234419615098356,0.011771561926926884
best_cifar10,100,6,0.5,half-half,1.5,True,const,126.46008940637068,21.006445581780582,4.024664523583992,0.07753090119369373
best_cifar10,100,6,0.5,half-half,1.5,True,linear,145.22282501136215,25.307753592999973,3.724318280508459,0.09761006668918915
best_cifar10,100,6,0.5,half-half,1.5,True,quad,146.17367343443152,25.453927130438117,3.745284066908298,0.09850980472222222
best_cifar10,100,6,0.5,half-half,2.0,False,const,22.92366705140836,7.105620618199346,7.285351997046765,0.01002154819069069
best_cifar10,100,6,0.5,half-half,2.0,False,linear,24.23603468445492,7.6853548463312364,7.252118945530106,0.011614489932432408
best_cifar10,100,6,0.5,half-half,2.0,False,quad,24.12480450706323,7.660030926039482,7.292091485692438,0.011486375230230229
best_cifar10,100,6,0.5,half-half,2.0,True,const,194.15562119572013,31.797684653616074,2.8252462886453804,0.14142509151151142
best_cifar10,100,6,0.5,half-half,2.0,True,linear,238.7345790139498,40.24564364391117,2.323992835745168,0.19512734595845843
best_cifar10,100,6,0.5,half-half,2.0,True,quad,238.38746933498348,40.266906744941316,2.3184984304679106,0.19495456347847856
best_cifar10,100,6,0.5,img,1.0,False,const,22.457388036065083,7.076779240397563,7.285912637314365,0.009492687359859866
best_cifar10,100,6,0.5,img,1.0,False,linear,22.51500850541231,7.056488426324137,7.280437510692691,0.00957051968218218
best_cifar10,100,6,0.5,img,1.0,False,quad,22.523129757951892,7.067447438825766,7.276519542881471,0.009609837552552562
best_cifar10,100,6,0.5,img,1.0,True,const,19.761910143540945,6.767690939118339,7.509058082353212,0.0066014008883883936
best_cifar10,100,6,0.5,img,1.0,True,linear,19.788075673976948,6.739998705806244,7.534423076140786,0.00668687588338335
best_cifar10,100,6,0.5,img,1.0,True,quad,19.722243020060546,6.793699001593723,7.5955361633276155,0.006689153703703692
best_cifar10,100,6,0.5,img,1.5,False,const,22.54980304776069,7.079272237231827,7.3118946398536036,0.009624583228228253
best_cifar10,100,6,0.5,img,1.5,False,linear,22.5223264727465,7.082343417243948,7.254017771900379,0.009567263721221238
best_cifar10,100,6,0.5,img,1.5,False,quad,22.535686002877867,7.070930720532033,7.334687281191336,0.009622234081581593
best_cifar10,100,6,0.5,img,1.5,True,const,124.56472566706441,20.01167462261035,3.987131811098237,0.07556798225975982
best_cifar10,100,6,0.5,img,1.5,True,linear,124.81688688365227,20.091085652610396,3.9795054039752116,0.07642162297547546
best_cifar10,100,6,0.5,img,1.5,True,quad,124.70949525237529,20.08317047924055,3.9764671740790574,0.07668212021021024
best_cifar10,100,6,0.5,img,2.0,False,const,22.37819677404559,7.0451511245592755,7.298752476970491,0.009647958113113118
best_cifar10,100,6,0.5,img,2.0,False,linear,22.32638687910969,7.073453263853693,7.326380817552063,0.009473291691691648
best_cifar10,100,6,0.5,img,2.0,False,quad,22.58479413076668,7.062134099356861,7.294705132306171,0.009810767429929925
best_cifar10,100,6,0.5,img,2.0,True,const,192.23914373610495,31.05727911049224,2.923783177968664,0.14311155379129134
best_cifar10,100,6,0.5,img,2.0,True,linear,192.42801518994548,31.14297714936825,2.9176497740174323,0.14331202107857852
best_cifar10,100,6,0.5,img,2.0,True,quad,192.21369127290006,30.9879194404894,2.925122479937289,0.1434226972022023
best_cifar10,100,6,0.5,mask,1.0,False,const,23.7104383982263,7.237306604539874,7.292426838985564,0.010283657665165142
best_cifar10,100,6,0.5,mask,1.0,False,linear,24.835313268197808,7.80705338555731,7.254718722907233,0.01149411032032031
best_cifar10,100,6,0.5,mask,1.0,False,quad,24.8312275583404,7.776572720982614,7.289139506549176,0.011486076791791774
best_cifar10,100,6,0.5,mask,1.0,True,const,20.05889221655889,6.824670067823391,7.531632688669519,0.006823209296796772
best_cifar10,100,6,0.5,mask,1.0,True,linear,21.119507372319788,6.521586302844874,7.47183119022357,0.007173031961961956
best_cifar10,100,6,0.5,mask,1.0,True,quad,21.093020605094523,6.534250628308769,7.521735902577565,0.0070827849674674455
best_cifar10,100,6,0.5,mask,1.5,False,const,23.624940261799225,7.29650967844222,7.273825521100658,0.0102441061911912
best_cifar10,100,6,0.5,mask,1.5,False,linear,24.69150050652928,7.723735798942926,7.311928610805482,0.011286536048548533
best_cifar10,100,6,0.5,mask,1.5,False,quad,24.80593609799638,7.7737602328855,7.26962547505402,0.011425245560560566
best_cifar10,100,6,0.5,mask,1.5,True,const,122.14681750939542,21.0996895645425,3.8817697782382976,0.07754322611861862
best_cifar10,100,6,0.5,mask,1.5,True,linear,137.91095201923952,24.900497213769995,3.676469207655926,0.09344375981731733
best_cifar10,100,6,0.5,mask,1.5,True,quad,137.80602799310344,24.941847392891276,3.6582333492483987,0.09337658415415413
best_cifar10,100,6,0.5,mask,2.0,False,const,23.672259913263076,7.274218989196044,7.303215967432561,0.010195675860860853
best_cifar10,100,6,0.5,mask,2.0,False,linear,24.713160177445502,7.772035384557512,7.292812069422393,0.011370939732232209
best_cifar10,100,6,0.5,mask,2.0,False,quad,24.74308789899618,7.7697700382427755,7.288386344546414,0.011258608443443445
best_cifar10,100,6,0.5,mask,2.0,True,const,188.63605644087315,31.473450542578846,2.835500188928389,0.13449624705455454
best_cifar10,100,6,0.5,mask,2.0,True,linear,230.4868134273754,39.2524996789317,2.4247750484294004,0.18353742571321321
best_cifar10,100,6,0.5,mask,2.0,True,quad,230.73152714862738,39.39209515475179,2.423382678874188,0.18372804114114116
