dataset,model,metric,key,is_baseline,strategy,use_t_next,renoise_factor,n_timesteps,schedule,mean,std,baseline_mean,delta_vs_baseline
adult,LR,accuracy,BASELINE,True,target,True,1.0,5,const,0.8376842751842751,0.0037148199297809712,0.8376842751842751,0.0
adult,DT,accuracy,BASELINE,True,target,True,1.0,5,const,0.8206388206388207,0.008607731239091818,0.8206388206388207,0.0
adult,RF,accuracy,BASELINE,True,target,True,1.0,5,const,0.8221437346437346,0.0031893746893727685,0.8221437346437346,0.0
adult,LR,accuracy,st=target__tnxt=F__rn=1__T=2__sc=const,False,target,False,1.0,2,const,0.8248771498771499,0.002463903086011237,0.8376842751842751,-0.012807125307125244
adult,DT,accuracy,st=target__tnxt=F__rn=1__T=2__sc=const,False,target,False,1.0,2,const,0.8073095823095823,0.004844798289118148,0.8206388206388207,-0.01332923832923838
adult,RF,accuracy,st=target__tnxt=F__rn=1__T=2__sc=const,False,target,False,1.0,2,const,0.8164004914004914,0.001808130961859326,0.8221437346437346,-0.005743243243243157
adult,LR,accuracy,st=target__tnxt=F__rn=1__T=5__sc=const,False,target,False,1.0,5,const,0.8449324324324323,0.004656165517996859,0.8376842751842751,0.007248157248157194
adult,DT,accuracy,st=target__tnxt=F__rn=1__T=5__sc=const,False,target,False,1.0,5,const,0.8175368550368551,0.003116073447987904,0.8206388206388207,-0.0031019656019655173
adult,RF,accuracy,st=target__tnxt=F__rn=1__T=5__sc=const,False,target,False,1.0,5,const,0.8234336609336609,0.005921547960023885,0.8221437346437346,0.001289926289926302
adult,LR,accuracy,st=target__tnxt=F__rn=1__T=10__sc=const,False,target,False,1.0,10,const,0.8408783783783782,0.0031671157190409664,0.8376842751842751,0.0031941031941030706
adult,DT,accuracy,st=target__tnxt=F__rn=1__T=10__sc=const,False,target,False,1.0,10,const,0.8332309582309583,0.006947416124246924,0.8206388206388207,0.01259213759213762
adult,RF,accuracy,st=target__tnxt=F__rn=1__T=10__sc=const,False,target,False,1.0,10,const,0.8281941031941031,0.002754556182405232,0.8221437346437346,0.006050368550368557
adult,LR,accuracy,st=target__tnxt=F__rn=1__T=20__sc=const,False,target,False,1.0,20,const,0.8397420147420147,0.002741168640870341,0.8376842751842751,0.0020577395577395796
adult,DT,accuracy,st=target__tnxt=F__rn=1__T=20__sc=const,False,target,False,1.0,20,const,0.8318181818181818,0.006417669723149359,0.8206388206388207,0.011179361179361136
adult,RF,accuracy,st=target__tnxt=F__rn=1__T=20__sc=const,False,target,False,1.0,20,const,0.8275184275184275,0.002124277207099585,0.8221437346437346,0.0053746928746929434
adult,LR,accuracy,st=target__tnxt=T__rn=1__T=2__sc=const,False,target,True,1.0,2,const,0.8292383292383292,0.0040975626732574575,0.8376842751842751,-0.008445945945945943
adult,DT,accuracy,st=target__tnxt=T__rn=1__T=2__sc=const,False,target,True,1.0,2,const,0.8113943488943489,0.0008433372369622927,0.8206388206388207,-0.009244471744471738
adult,RF,accuracy,st=target__tnxt=T__rn=1__T=2__sc=const,False,target,True,1.0,2,const,0.8235565110565111,0.0032328494759068273,0.8221437346437346,0.0014127764127764841
adult,LR,accuracy,st=target__tnxt=T__rn=1.5__T=2__sc=const,False,target,True,1.5,2,const,0.8308968058968059,0.002313450809000796,0.8376842751842751,-0.0067874692874692055
adult,DT,accuracy,st=target__tnxt=T__rn=1.5__T=2__sc=const,False,target,True,1.5,2,const,0.8160626535626536,0.004219369693473884,0.8206388206388207,-0.004576167076167037
adult,RF,accuracy,st=target__tnxt=T__rn=1.5__T=2__sc=const,False,target,True,1.5,2,const,0.8227579852579853,0.002912675115363312,0.8221437346437346,0.0006142506142506887
adult,LR,accuracy,st=target__tnxt=T__rn=2__T=2__sc=const,False,target,True,2.0,2,const,0.8325859950859952,0.003717865696837938,0.8376842751842751,-0.00509828009827995
adult,DT,accuracy,st=target__tnxt=T__rn=2__T=2__sc=const,False,target,True,2.0,2,const,0.8132063882063882,0.002113593431705776,0.8206388206388207,-0.007432432432432412
adult,RF,accuracy,st=target__tnxt=T__rn=2__T=2__sc=const,False,target,True,2.0,2,const,0.8258599508599509,0.001999855110085949,0.8221437346437346,0.003716216216216317
adult,LR,accuracy,st=target__tnxt=T__rn=1__T=5__sc=const,False,target,True,1.0,5,const,0.837960687960688,0.0023738223413930807,0.8376842751842751,0.0002764127764128821
adult,DT,accuracy,st=target__tnxt=T__rn=1__T=5__sc=const,False,target,True,1.0,5,const,0.82245085995086,0.012691895254716172,0.8206388206388207,0.0018120393120393263
adult,RF,accuracy,st=target__tnxt=T__rn=1__T=5__sc=const,False,target,True,1.0,5,const,0.8210687960687961,0.003152189084353845,0.8221437346437346,-0.0010749385749384555
adult,LR,accuracy,st=target__tnxt=T__rn=1.5__T=5__sc=const,False,target,True,1.5,5,const,0.8446560196560196,0.004218475380260478,0.8376842751842751,0.006971744471744423
adult,DT,accuracy,st=target__tnxt=T__rn=1.5__T=5__sc=const,False,target,True,1.5,5,const,0.8308660933660933,0.006624657990178088,0.8206388206388207,0.01022727272727264
adult,RF,accuracy,st=target__tnxt=T__rn=1.5__T=5__sc=const,False,target,True,1.5,5,const,0.8278562653562653,0.0044485486630220766,0.8221437346437346,0.00571253071253075
adult,LR,accuracy,st=target__tnxt=T__rn=2__T=5__sc=const,False,target,True,2.0,5,const,0.8486793611793612,0.0014555277163480007,0.8376842751842751,0.010995085995086029
adult,DT,accuracy,st=target__tnxt=T__rn=2__T=5__sc=const,False,target,True,2.0,5,const,0.8173832923832924,0.01788366163874549,0.8206388206388207,-0.0032555282555282172
adult,RF,accuracy,st=target__tnxt=T__rn=2__T=5__sc=const,False,target,True,2.0,5,const,0.8290233415233415,0.004311365508720974,0.8221437346437346,0.00687960687960687
adult,LR,accuracy,st=target__tnxt=T__rn=1__T=10__sc=const,False,target,True,1.0,10,const,0.8252457002457003,0.0024512370932720847,0.8376842751842751,-0.012438574938574809
adult,DT,accuracy,st=target__tnxt=T__rn=1__T=10__sc=const,False,target,True,1.0,10,const,0.8202702702702703,0.0023482536675203222,0.8206388206388207,-0.0003685503685503244
adult,RF,accuracy,st=target__tnxt=T__rn=1__T=10__sc=const,False,target,True,1.0,10,const,0.8208538083538084,0.003878300745040367,0.8221437346437346,-0.001289926289926191
adult,LR,accuracy,st=target__tnxt=T__rn=1.5__T=10__sc=const,False,target,True,1.5,10,const,0.8474508599508599,0.00281585505957053,0.8376842751842751,0.009766584766584763
adult,DT,accuracy,st=target__tnxt=T__rn=1.5__T=10__sc=const,False,target,True,1.5,10,const,0.8336609336609337,0.00571236558901137,0.8206388206388207,0.013022113022113091
adult,RF,accuracy,st=target__tnxt=T__rn=1.5__T=10__sc=const,False,target,True,1.5,10,const,0.8289619164619164,0.005879985993233622,0.8221437346437346,0.006818181818181834
adult,LR,accuracy,st=target__tnxt=T__rn=2__T=10__sc=const,False,target,True,2.0,10,const,0.8463759213759214,0.0017765546515945486,0.8376842751842751,0.008691646191646307
adult,DT,accuracy,st=target__tnxt=T__rn=2__T=10__sc=const,False,target,True,2.0,10,const,0.8332923832923832,0.0028358827305869478,0.8206388206388207,0.012653562653562545
adult,RF,accuracy,st=target__tnxt=T__rn=2__T=10__sc=const,False,target,True,2.0,10,const,0.8325859950859951,0.005681735174372094,0.8221437346437346,0.010442260442260487
adult,LR,accuracy,st=target__tnxt=T__rn=1__T=20__sc=const,False,target,True,1.0,20,const,0.8265663390663391,0.002981805568800959,0.8376842751842751,-0.01111793611793599
adult,DT,accuracy,st=target__tnxt=T__rn=1__T=20__sc=const,False,target,True,1.0,20,const,0.8256142506142506,0.003583772025998728,0.8206388206388207,0.00497542997542999
adult,RF,accuracy,st=target__tnxt=T__rn=1__T=20__sc=const,False,target,True,1.0,20,const,0.8211609336609337,0.003763507047184361,0.8221437346437346,-0.0009828009828009021
adult,LR,accuracy,st=target__tnxt=T__rn=1.5__T=20__sc=const,False,target,True,1.5,20,const,0.8446253071253071,0.0018360854026578683,0.8376842751842751,0.0069410319410320165
adult,DT,accuracy,st=target__tnxt=T__rn=1.5__T=20__sc=const,False,target,True,1.5,20,const,0.8348894348894349,0.007344983750089672,0.8206388206388207,0.014250614250614246
adult,RF,accuracy,st=target__tnxt=T__rn=1.5__T=20__sc=const,False,target,True,1.5,20,const,0.8295147420147421,0.004338409952551238,0.8221437346437346,0.0073710073710074875
adult,LR,accuracy,st=target__tnxt=T__rn=2__T=20__sc=const,False,target,True,2.0,20,const,0.8462530712530713,0.0036770480396696543,0.8376842751842751,0.008568796068796125
adult,DT,accuracy,st=target__tnxt=T__rn=2__T=20__sc=const,False,target,True,2.0,20,const,0.8307432432432431,0.00843695076052094,0.8206388206388207,0.010104422604422458
adult,RF,accuracy,st=target__tnxt=T__rn=2__T=20__sc=const,False,target,True,2.0,20,const,0.83252457002457,0.004367879063347382,0.8221437346437346,0.010380835380835451
adult,LR,accuracy,st=mask__tnxt=F__rn=1__T=2__sc=const,False,mask,False,1.0,2,const,0.8306203931203932,0.0052625184252098126,0.8376842751842751,-0.007063882063881977
adult,DT,accuracy,st=mask__tnxt=F__rn=1__T=2__sc=const,False,mask,False,1.0,2,const,0.8273341523341525,0.008204673090939767,0.8206388206388207,0.006695331695331874
adult,RF,accuracy,st=mask__tnxt=F__rn=1__T=2__sc=const,False,mask,False,1.0,2,const,0.8228501228501228,0.0010167656853345916,0.8221437346437346,0.0007063882063882421
adult,LR,accuracy,st=mask__tnxt=F__rn=1__T=2__sc=linear,False,mask,False,1.0,2,linear,0.8207309582309582,0.004550846791644089,0.8376842751842751,-0.01695331695331692
adult,DT,accuracy,st=mask__tnxt=F__rn=1__T=2__sc=linear,False,mask,False,1.0,2,linear,0.766431203931204,0.0180640860888452,0.8206388206388207,-0.054207616707616646
adult,RF,accuracy,st=mask__tnxt=F__rn=1__T=2__sc=linear,False,mask,False,1.0,2,linear,0.7613022113022113,0.006978979133825791,0.8221437346437346,-0.06084152334152326
adult,LR,accuracy,st=mask__tnxt=F__rn=1__T=2__sc=quad,False,mask,False,1.0,2,quad,0.817997542997543,0.006360831300034359,0.8376842751842751,-0.019686732186732114
adult,DT,accuracy,st=mask__tnxt=F__rn=1__T=2__sc=quad,False,mask,False,1.0,2,quad,0.7604729729729729,0.0011342865671142381,0.8206388206388207,-0.06016584766584776
adult,RF,accuracy,st=mask__tnxt=F__rn=1__T=2__sc=quad,False,mask,False,1.0,2,quad,0.7589987714987714,0.006117578411337991,0.8221437346437346,-0.0631449631449632
adult,LR,accuracy,st=mask__tnxt=F__rn=1__T=5__sc=const,False,mask,False,1.0,5,const,0.8347358722358722,0.0021790751566421133,0.8376842751842751,-0.0029484029484029284
adult,DT,accuracy,st=mask__tnxt=F__rn=1__T=5__sc=const,False,mask,False,1.0,5,const,0.8281941031941032,0.0038585500674544024,0.8206388206388207,0.007555282555282594
adult,RF,accuracy,st=mask__tnxt=F__rn=1__T=5__sc=const,False,mask,False,1.0,5,const,0.8183353808353809,0.003139595869204651,0.8221437346437346,-0.0038083538083536483
adult,LR,accuracy,st=mask__tnxt=F__rn=1__T=5__sc=linear,False,mask,False,1.0,5,linear,0.8227272727272726,0.0032234992047670504,0.8376842751842751,-0.014957002457002488
adult,DT,accuracy,st=mask__tnxt=F__rn=1__T=5__sc=linear,False,mask,False,1.0,5,linear,0.760933660933661,0.0005939520763456476,0.8206388206388207,-0.05970515970515966
adult,RF,accuracy,st=mask__tnxt=F__rn=1__T=5__sc=linear,False,mask,False,1.0,5,linear,0.7675061425061426,0.010616056243725254,0.8221437346437346,-0.054637592137592006
adult,LR,accuracy,st=mask__tnxt=F__rn=1__T=5__sc=quad,False,mask,False,1.0,5,quad,0.8228194103194104,0.003242172781424262,0.8376842751842751,-0.014864864864864713
adult,DT,accuracy,st=mask__tnxt=F__rn=1__T=5__sc=quad,False,mask,False,1.0,5,quad,0.7606879606879606,0.0001842751842751585,0.8206388206388207,-0.059950859950860025
adult,RF,accuracy,st=mask__tnxt=F__rn=1__T=5__sc=quad,False,mask,False,1.0,5,quad,0.7748464373464374,0.0070487767134283195,0.8221437346437346,-0.04729729729729715
adult,LR,accuracy,st=mask__tnxt=F__rn=1__T=10__sc=const,False,mask,False,1.0,10,const,0.8311117936117937,0.003025457089932374,0.8376842751842751,-0.00657248157248147
adult,DT,accuracy,st=mask__tnxt=F__rn=1__T=10__sc=const,False,mask,False,1.0,10,const,0.8242936117936118,0.0030810654063843867,0.8206388206388207,0.0036547911547911704
adult,RF,accuracy,st=mask__tnxt=F__rn=1__T=10__sc=const,False,mask,False,1.0,10,const,0.8148955773955775,0.0032714251897677975,0.8221437346437346,-0.007248157248157083
adult,LR,accuracy,st=mask__tnxt=F__rn=1__T=10__sc=linear,False,mask,False,1.0,10,linear,0.8176597051597051,0.0027617379786691078,0.8376842751842751,-0.020024570024570032
adult,DT,accuracy,st=mask__tnxt=F__rn=1__T=10__sc=linear,False,mask,False,1.0,10,linear,0.7941031941031941,0.004522570057542995,0.8206388206388207,-0.026535626535626577
adult,RF,accuracy,st=mask__tnxt=F__rn=1__T=10__sc=linear,False,mask,False,1.0,10,linear,0.790970515970516,0.002432696111586342,0.8221437346437346,-0.03117321867321854
adult,LR,accuracy,st=mask__tnxt=F__rn=1__T=10__sc=quad,False,mask,False,1.0,10,quad,0.8186425061425062,0.0031200061668796904,0.8376842751842751,-0.019041769041768908
adult,DT,accuracy,st=mask__tnxt=F__rn=1__T=10__sc=quad,False,mask,False,1.0,10,quad,0.799017199017199,0.00108758791213917,0.8206388206388207,-0.021621621621621623
adult,RF,accuracy,st=mask__tnxt=F__rn=1__T=10__sc=quad,False,mask,False,1.0,10,quad,0.7937960687960688,0.002822212532594628,0.8221437346437346,-0.028347665847665793
adult,LR,accuracy,st=mask__tnxt=F__rn=1__T=20__sc=const,False,mask,False,1.0,20,const,0.8253378378378379,0.0028325546192060837,0.8376842751842751,-0.012346437346437256
adult,DT,accuracy,st=mask__tnxt=F__rn=1__T=20__sc=const,False,mask,False,1.0,20,const,0.8210995085995085,0.0025824106891373187,0.8206388206388207,0.00046068796068787776
adult,RF,accuracy,st=mask__tnxt=F__rn=1__T=20__sc=const,False,mask,False,1.0,20,const,0.815386977886978,0.003630579685207584,0.8221437346437346,-0.006756756756756577
adult,LR,accuracy,st=mask__tnxt=F__rn=1__T=20__sc=linear,False,mask,False,1.0,20,linear,0.8217751842751844,0.004760541332091102,0.8376842751842751,-0.01590909090909076
adult,DT,accuracy,st=mask__tnxt=F__rn=1__T=20__sc=linear,False,mask,False,1.0,20,linear,0.8022113022113022,0.003802652862231231,0.8206388206388207,-0.01842751842751844
adult,RF,accuracy,st=mask__tnxt=F__rn=1__T=20__sc=linear,False,mask,False,1.0,20,linear,0.7980651105651105,0.0010988049029483087,0.8221437346437346,-0.024078624078624045
adult,LR,accuracy,st=mask__tnxt=F__rn=1__T=20__sc=quad,False,mask,False,1.0,20,quad,0.8207309582309582,0.0018997134022349133,0.8376842751842751,-0.01695331695331692
adult,DT,accuracy,st=mask__tnxt=F__rn=1__T=20__sc=quad,False,mask,False,1.0,20,quad,0.8047297297297297,0.004706739170747898,0.8206388206388207,-0.015909090909090984
adult,RF,accuracy,st=mask__tnxt=F__rn=1__T=20__sc=quad,False,mask,False,1.0,20,quad,0.7997850122850123,0.0014964284662260235,0.8221437346437346,-0.02235872235872227
adult,LR,accuracy,st=mask__tnxt=T__rn=1__T=2__sc=const,False,mask,True,1.0,2,const,0.8375307125307125,0.0021033038904501337,0.8376842751842751,-0.0001535626535625889
adult,DT,accuracy,st=mask__tnxt=T__rn=1__T=2__sc=const,False,mask,True,1.0,2,const,0.8285319410319409,0.01170328779306015,0.8206388206388207,0.00789312039312029
adult,RF,accuracy,st=mask__tnxt=T__rn=1__T=2__sc=const,False,mask,True,1.0,2,const,0.831603194103194,0.0017308357252586509,0.8221437346437346,0.009459459459459474
adult,LR,accuracy,st=mask__tnxt=T__rn=1.5__T=2__sc=const,False,mask,True,1.5,2,const,0.8402948402948404,0.0026294661907867237,0.8376842751842751,0.0026105651105652328
adult,DT,accuracy,st=mask__tnxt=T__rn=1.5__T=2__sc=const,False,mask,True,1.5,2,const,0.8282555282555283,0.005835057536627968,0.8206388206388207,0.00761670761670763
adult,RF,accuracy,st=mask__tnxt=T__rn=1.5__T=2__sc=const,False,mask,True,1.5,2,const,0.8344594594594594,0.0019400014370213377,0.8221437346437346,0.012315724815724849
adult,LR,accuracy,st=mask__tnxt=T__rn=2__T=2__sc=const,False,mask,True,2.0,2,const,0.8352886977886979,0.0028524650420150796,0.8376842751842751,-0.0023955773955772752
adult,DT,accuracy,st=mask__tnxt=T__rn=2__T=2__sc=const,False,mask,True,2.0,2,const,0.8349508599508599,0.0025721629872493905,0.8206388206388207,0.014312039312039282
adult,RF,accuracy,st=mask__tnxt=T__rn=2__T=2__sc=const,False,mask,True,2.0,2,const,0.8297604422604422,0.003192626288677166,0.8221437346437346,0.00761670761670763
adult,LR,accuracy,st=mask__tnxt=T__rn=1__T=2__sc=linear,False,mask,True,1.0,2,linear,0.8348587223587224,0.0037597456706436037,0.8376842751842751,-0.0028255528255527462
adult,DT,accuracy,st=mask__tnxt=T__rn=1__T=2__sc=linear,False,mask,True,1.0,2,linear,0.7914004914004913,0.03285804467119497,0.8206388206388207,-0.029238329238329364
adult,RF,accuracy,st=mask__tnxt=T__rn=1__T=2__sc=linear,False,mask,True,1.0,2,linear,0.8218058968058969,0.006731301166669829,0.8221437346437346,-0.0003378378378376956
adult,LR,accuracy,st=mask__tnxt=T__rn=1.5__T=2__sc=linear,False,mask,True,1.5,2,linear,0.8330466830466831,0.003255238501777888,0.8376842751842751,-0.0046375921375920726
adult,DT,accuracy,st=mask__tnxt=T__rn=1.5__T=2__sc=linear,False,mask,True,1.5,2,linear,0.8233415233415233,0.00543238603700475,0.8206388206388207,0.002702702702702675
adult,RF,accuracy,st=mask__tnxt=T__rn=1.5__T=2__sc=linear,False,mask,True,1.5,2,linear,0.8231265356265356,0.004987737681651553,0.8221437346437346,0.0009828009828010131
adult,LR,accuracy,st=mask__tnxt=T__rn=2__T=2__sc=linear,False,mask,True,2.0,2,linear,0.8312039312039312,0.004942141499435071,0.8376842751842751,-0.006480343980343917
adult,DT,accuracy,st=mask__tnxt=T__rn=2__T=2__sc=linear,False,mask,True,2.0,2,linear,0.7980958230958232,0.027708660701562263,0.8206388206388207,-0.02254299754299749
adult,RF,accuracy,st=mask__tnxt=T__rn=2__T=2__sc=linear,False,mask,True,2.0,2,linear,0.8197788697788699,0.010419924804424921,0.8221437346437346,-0.0023648648648646464
adult,LR,accuracy,st=mask__tnxt=T__rn=1__T=2__sc=quad,False,mask,True,1.0,2,quad,0.8276719901719902,0.005778038443687922,0.8376842751842751,-0.010012285012284905
adult,DT,accuracy,st=mask__tnxt=T__rn=1__T=2__sc=quad,False,mask,True,1.0,2,quad,0.8285933660933662,0.012677394603585032,0.8206388206388207,0.007954545454545547
adult,RF,accuracy,st=mask__tnxt=T__rn=1__T=2__sc=quad,False,mask,True,1.0,2,quad,0.8230343980343979,0.0012075923373057278,0.8221437346437346,0.0008906633906633488
adult,LR,accuracy,st=mask__tnxt=T__rn=1.5__T=2__sc=quad,False,mask,True,1.5,2,quad,0.8332002457002459,0.0037682660676804157,0.8376842751842751,-0.004484029484029262
adult,DT,accuracy,st=mask__tnxt=T__rn=1.5__T=2__sc=quad,False,mask,True,1.5,2,quad,0.8097665847665848,0.025687208653244968,0.8206388206388207,-0.010872235872235847
adult,RF,accuracy,st=mask__tnxt=T__rn=1.5__T=2__sc=quad,False,mask,True,1.5,2,quad,0.8242628992628992,0.003222035773809201,0.8221437346437346,0.002119164619164615
adult,LR,accuracy,st=mask__tnxt=T__rn=2__T=2__sc=quad,False,mask,True,2.0,2,quad,0.8334766584766584,0.007454102670764633,0.8376842751842751,-0.004207616707616713
adult,DT,accuracy,st=mask__tnxt=T__rn=2__T=2__sc=quad,False,mask,True,2.0,2,quad,0.7774262899262899,0.026530649501402555,0.8206388206388207,-0.04321253071253073
adult,RF,accuracy,st=mask__tnxt=T__rn=2__T=2__sc=quad,False,mask,True,2.0,2,quad,0.8202088452088452,0.00916932364381883,0.8221437346437346,-0.0019348894348893975
adult,LR,accuracy,st=mask__tnxt=T__rn=1__T=5__sc=const,False,mask,True,1.0,5,const,0.8333845208845208,0.0014306897664437305,0.8376842751842751,-0.004299754299754377
adult,DT,accuracy,st=mask__tnxt=T__rn=1__T=5__sc=const,False,mask,True,1.0,5,const,0.8310503685503685,0.0066337644447406075,0.8206388206388207,0.010411547911547858
adult,RF,accuracy,st=mask__tnxt=T__rn=1__T=5__sc=const,False,mask,True,1.0,5,const,0.81517199017199,0.003951785038443948,0.8221437346437346,-0.006971744471744534
adult,LR,accuracy,st=mask__tnxt=T__rn=1.5__T=5__sc=const,False,mask,True,1.5,5,const,0.8357186732186733,0.001183130238590794,0.8376842751842751,-0.0019656019656018042
adult,DT,accuracy,st=mask__tnxt=T__rn=1.5__T=5__sc=const,False,mask,True,1.5,5,const,0.8328931203931205,0.0020793993709841366,0.8206388206388207,0.012254299754299813
adult,RF,accuracy,st=mask__tnxt=T__rn=1.5__T=5__sc=const,False,mask,True,1.5,5,const,0.8219287469287468,0.004442819959436364,0.8221437346437346,-0.0002149877149877355
adult,LR,accuracy,st=mask__tnxt=T__rn=2__T=5__sc=const,False,mask,True,2.0,5,const,0.8381449631449632,0.0025878838369706404,0.8376842751842751,0.0004606879606880998
adult,DT,accuracy,st=mask__tnxt=T__rn=2__T=5__sc=const,False,mask,True,2.0,5,const,0.8335380835380836,0.0007202726903905803,0.8206388206388207,0.012899262899262909
adult,RF,accuracy,st=mask__tnxt=T__rn=2__T=5__sc=const,False,mask,True,2.0,5,const,0.8262592137592136,0.0024427566124260716,0.8221437346437346,0.004115479115479048
adult,LR,accuracy,st=mask__tnxt=T__rn=1__T=5__sc=linear,False,mask,True,1.0,5,linear,0.8281326781326781,0.004854523294466637,0.8376842751842751,-0.009551597051597027
adult,DT,accuracy,st=mask__tnxt=T__rn=1__T=5__sc=linear,False,mask,True,1.0,5,linear,0.8278255528255528,0.004747445999155962,0.8206388206388207,0.007186732186732159
adult,RF,accuracy,st=mask__tnxt=T__rn=1__T=5__sc=linear,False,mask,True,1.0,5,linear,0.8134520884520885,0.0032479862571013133,0.8221437346437346,-0.008691646191646085
adult,LR,accuracy,st=mask__tnxt=T__rn=1.5__T=5__sc=linear,False,mask,True,1.5,5,linear,0.8336609336609337,0.0010111841298006375,0.8376842751842751,-0.004023341523341384
adult,DT,accuracy,st=mask__tnxt=T__rn=1.5__T=5__sc=linear,False,mask,True,1.5,5,linear,0.809613022113022,0.0024863875488954764,0.8206388206388207,-0.011025798525798658
adult,RF,accuracy,st=mask__tnxt=T__rn=1.5__T=5__sc=linear,False,mask,True,1.5,5,linear,0.8093058968058969,0.002303235044134228,0.8221437346437346,-0.012837837837837651
adult,LR,accuracy,st=mask__tnxt=T__rn=2__T=5__sc=linear,False,mask,True,2.0,5,linear,0.8296375921375923,0.00204324906369531,0.8376842751842751,-0.008046683046682879
adult,DT,accuracy,st=mask__tnxt=T__rn=2__T=5__sc=linear,False,mask,True,2.0,5,linear,0.7704545454545455,0.01826282877227836,0.8206388206388207,-0.05018427518427515
adult,RF,accuracy,st=mask__tnxt=T__rn=2__T=5__sc=linear,False,mask,True,2.0,5,linear,0.7948710073710074,0.006294495518660202,0.8221437346437346,-0.027272727272727226
adult,LR,accuracy,st=mask__tnxt=T__rn=1__T=5__sc=quad,False,mask,True,1.0,5,quad,0.831081081081081,0.004142208478933966,0.8376842751842751,-0.006603194103194099
adult,DT,accuracy,st=mask__tnxt=T__rn=1__T=5__sc=quad,False,mask,True,1.0,5,quad,0.8218058968058969,0.009379950805374272,0.8206388206388207,0.0011670761670762309
adult,RF,accuracy,st=mask__tnxt=T__rn=1__T=5__sc=quad,False,mask,True,1.0,5,quad,0.8107186732186731,0.004645213159841421,0.8221437346437346,-0.0114250614250615
adult,LR,accuracy,st=mask__tnxt=T__rn=1.5__T=5__sc=quad,False,mask,True,1.5,5,quad,0.8317874692874693,0.0027685604643088073,0.8376842751842751,-0.005896805896805857
adult,DT,accuracy,st=mask__tnxt=T__rn=1.5__T=5__sc=quad,False,mask,True,1.5,5,quad,0.8071560196560196,0.00733213027574712,0.8206388206388207,-0.01348280098280108
adult,RF,accuracy,st=mask__tnxt=T__rn=1.5__T=5__sc=quad,False,mask,True,1.5,5,quad,0.809490171990172,0.0038355020308965936,0.8221437346437346,-0.012653562653562545
adult,LR,accuracy,st=mask__tnxt=T__rn=2__T=5__sc=quad,False,mask,True,2.0,5,quad,0.8281019656019655,0.0023959711136169433,0.8376842751842751,-0.009582309582309656
adult,DT,accuracy,st=mask__tnxt=T__rn=2__T=5__sc=quad,False,mask,True,2.0,5,quad,0.7727886977886979,0.022859821658333376,0.8206388206388207,-0.0478501228501228
adult,RF,accuracy,st=mask__tnxt=T__rn=2__T=5__sc=quad,False,mask,True,2.0,5,quad,0.7993243243243244,0.0017546507195437345,0.8221437346437346,-0.02281941031941015
adult,LR,accuracy,st=mask__tnxt=T__rn=1__T=10__sc=const,False,mask,True,1.0,10,const,0.8164312039312038,0.004130350117181913,0.8376842751842751,-0.0212530712530713
adult,DT,accuracy,st=mask__tnxt=T__rn=1__T=10__sc=const,False,mask,True,1.0,10,const,0.8144348894348894,0.0031867118221517838,0.8206388206388207,-0.006203931203931257
adult,RF,accuracy,st=mask__tnxt=T__rn=1__T=10__sc=const,False,mask,True,1.0,10,const,0.8081081081081081,0.002458153907096286,0.8221437346437346,-0.01403562653562651
adult,LR,accuracy,st=mask__tnxt=T__rn=1.5__T=10__sc=const,False,mask,True,1.5,10,const,0.8327702702702704,0.003967745174378057,0.8376842751842751,-0.004914004914004733
adult,DT,accuracy,st=mask__tnxt=T__rn=1.5__T=10__sc=const,False,mask,True,1.5,10,const,0.8308968058968059,0.0048574369993652075,0.8206388206388207,0.01025798525798527
adult,RF,accuracy,st=mask__tnxt=T__rn=1.5__T=10__sc=const,False,mask,True,1.5,10,const,0.8189803439803439,0.0033537183525107327,0.8221437346437346,-0.003163390663390664
adult,LR,accuracy,st=mask__tnxt=T__rn=2__T=10__sc=const,False,mask,True,2.0,10,const,0.8310503685503685,0.0030113945679988486,0.8376842751842751,-0.006633906633906617
adult,DT,accuracy,st=mask__tnxt=T__rn=2__T=10__sc=const,False,mask,True,2.0,10,const,0.8375307125307125,0.002380964059375229,0.8206388206388207,0.016891891891891886
adult,RF,accuracy,st=mask__tnxt=T__rn=2__T=10__sc=const,False,mask,True,2.0,10,const,0.8197481572481573,0.005427869615127124,0.8221437346437346,-0.0023955773955772752
adult,LR,accuracy,st=mask__tnxt=T__rn=1__T=10__sc=linear,False,mask,True,1.0,10,linear,0.8077702702702704,0.004196954693781239,0.8376842751842751,-0.029914004914004755
adult,DT,accuracy,st=mask__tnxt=T__rn=1__T=10__sc=linear,False,mask,True,1.0,10,linear,0.8067260442260441,0.004570495141026127,0.8206388206388207,-0.01391277641277655
adult,RF,accuracy,st=mask__tnxt=T__rn=1__T=10__sc=linear,False,mask,True,1.0,10,linear,0.8003378378378377,0.002270235701790706,0.8221437346437346,-0.02180589680589684
adult,LR,accuracy,st=mask__tnxt=T__rn=1.5__T=10__sc=linear,False,mask,True,1.5,10,linear,0.8270577395577396,0.0032508890964125653,0.8376842751842751,-0.010626535626535483
adult,DT,accuracy,st=mask__tnxt=T__rn=1.5__T=10__sc=linear,False,mask,True,1.5,10,linear,0.8015356265356266,0.002862368318103761,0.8206388206388207,-0.019103194103194054
adult,RF,accuracy,st=mask__tnxt=T__rn=1.5__T=10__sc=linear,False,mask,True,1.5,10,linear,0.7997542997542997,0.00335456201988038,0.8221437346437346,-0.0223894348894349
adult,LR,accuracy,st=mask__tnxt=T__rn=2__T=10__sc=linear,False,mask,True,2.0,10,linear,0.8237100737100738,0.0031575708015909045,0.8376842751842751,-0.013974201474201364
adult,DT,accuracy,st=mask__tnxt=T__rn=2__T=10__sc=linear,False,mask,True,2.0,10,linear,0.7621621621621623,0.001179137212558508,0.8206388206388207,-0.058476658476658394
adult,RF,accuracy,st=mask__tnxt=T__rn=2__T=10__sc=linear,False,mask,True,2.0,10,linear,0.7601351351351352,0.003300704124724303,0.8221437346437346,-0.06200859950859938
adult,LR,accuracy,st=mask__tnxt=T__rn=1__T=10__sc=quad,False,mask,True,1.0,10,quad,0.8073402948402947,0.003182268758473879,0.8376842751842751,-0.030343980343980448
adult,DT,accuracy,st=mask__tnxt=T__rn=1__T=10__sc=quad,False,mask,True,1.0,10,quad,0.8083538083538084,0.007693473617859556,0.8206388206388207,-0.01228501228501222
adult,RF,accuracy,st=mask__tnxt=T__rn=1__T=10__sc=quad,False,mask,True,1.0,10,quad,0.798495085995086,0.002998839188878155,0.8221437346437346,-0.023648648648648574
adult,LR,accuracy,st=mask__tnxt=T__rn=1.5__T=10__sc=quad,False,mask,True,1.5,10,quad,0.8293304668304667,0.0012498151074555074,0.8376842751842751,-0.00835380835380839
adult,DT,accuracy,st=mask__tnxt=T__rn=1.5__T=10__sc=quad,False,mask,True,1.5,10,quad,0.8029791154791155,0.00861485117834297,0.8206388206388207,-0.017659705159705164
adult,RF,accuracy,st=mask__tnxt=T__rn=1.5__T=10__sc=quad,False,mask,True,1.5,10,quad,0.7980651105651105,0.002969760381728153,0.8221437346437346,-0.024078624078624045
adult,LR,accuracy,st=mask__tnxt=T__rn=2__T=10__sc=quad,False,mask,True,2.0,10,quad,0.818519656019656,0.0030764697710420575,0.8376842751842751,-0.01916461916461909
adult,DT,accuracy,st=mask__tnxt=T__rn=2__T=10__sc=quad,False,mask,True,2.0,10,quad,0.7618857493857493,0.0009446287775939792,0.8206388206388207,-0.05875307125307139
adult,RF,accuracy,st=mask__tnxt=T__rn=2__T=10__sc=quad,False,mask,True,2.0,10,quad,0.7569103194103194,0.001526384968033067,0.8221437346437346,-0.06523341523341519
adult,LR,accuracy,st=mask__tnxt=T__rn=1__T=20__sc=const,False,mask,True,1.0,20,const,0.8169533169533171,0.0015386947235719072,0.8376842751842751,-0.020730958230958052
adult,DT,accuracy,st=mask__tnxt=T__rn=1__T=20__sc=const,False,mask,True,1.0,20,const,0.8192874692874692,0.004820399939481217,0.8206388206388207,-0.0013513513513514486
adult,RF,accuracy,st=mask__tnxt=T__rn=1__T=20__sc=const,False,mask,True,1.0,20,const,0.8093366093366093,0.003875867835482181,0.8221437346437346,-0.012807125307125244
adult,LR,accuracy,st=mask__tnxt=T__rn=1.5__T=20__sc=const,False,mask,True,1.5,20,const,0.8323402948402949,0.0034301923468647846,0.8376842751842751,-0.005343980343980204
adult,DT,accuracy,st=mask__tnxt=T__rn=1.5__T=20__sc=const,False,mask,True,1.5,20,const,0.8274262899262899,0.002166050083845862,0.8206388206388207,0.0067874692874692055
adult,RF,accuracy,st=mask__tnxt=T__rn=1.5__T=20__sc=const,False,mask,True,1.5,20,const,0.8216216216216218,0.0046513009871357635,0.8221437346437346,-0.0005221130221128023
adult,LR,accuracy,st=mask__tnxt=T__rn=2__T=20__sc=const,False,mask,True,2.0,20,const,0.82997542997543,0.005702449427867711,0.8376842751842751,-0.007708845208845183
adult,DT,accuracy,st=mask__tnxt=T__rn=2__T=20__sc=const,False,mask,True,2.0,20,const,0.8296683046683047,0.006630208724555118,0.8206388206388207,0.009029484029484003
adult,RF,accuracy,st=mask__tnxt=T__rn=2__T=20__sc=const,False,mask,True,2.0,20,const,0.8180282555282556,0.004812174329235993,0.8221437346437346,-0.004115479115478937
adult,LR,accuracy,st=mask__tnxt=T__rn=1__T=20__sc=linear,False,mask,True,1.0,20,linear,0.8134828009828009,0.0030598683340164567,0.8376842751842751,-0.024201474201474227
adult,DT,accuracy,st=mask__tnxt=T__rn=1__T=20__sc=linear,False,mask,True,1.0,20,linear,0.8059889434889435,0.004244111712561347,0.8206388206388207,-0.0146498771498772
adult,RF,accuracy,st=mask__tnxt=T__rn=1__T=20__sc=linear,False,mask,True,1.0,20,linear,0.8027027027027026,0.0025940727781054917,0.8221437346437346,-0.019441031941031972
adult,LR,accuracy,st=mask__tnxt=T__rn=1.5__T=20__sc=linear,False,mask,True,1.5,20,linear,0.825982800982801,0.0019603161421661935,0.8376842751842751,-0.01170147420147416
adult,DT,accuracy,st=mask__tnxt=T__rn=1.5__T=20__sc=linear,False,mask,True,1.5,20,linear,0.8086609336609337,0.008243897746602929,0.8206388206388207,-0.011977886977886931
adult,RF,accuracy,st=mask__tnxt=T__rn=1.5__T=20__sc=linear,False,mask,True,1.5,20,linear,0.7971437346437347,0.0042898710562680464,0.8221437346437346,-0.02499999999999991
adult,LR,accuracy,st=mask__tnxt=T__rn=2__T=20__sc=linear,False,mask,True,2.0,20,linear,0.8099508599508599,0.005442794245622043,0.8376842751842751,-0.027733415233415215
adult,DT,accuracy,st=mask__tnxt=T__rn=2__T=20__sc=linear,False,mask,True,2.0,20,linear,0.7616093366093366,0.0009141815765440633,0.8206388206388207,-0.05902948402948405
adult,RF,accuracy,st=mask__tnxt=T__rn=2__T=20__sc=linear,False,mask,True,2.0,20,linear,0.7551289926289927,0.0007434716484588695,0.8221437346437346,-0.06701474201474189
adult,LR,accuracy,st=mask__tnxt=T__rn=1__T=20__sc=quad,False,mask,True,1.0,20,quad,0.8140663390663392,0.0019675205624136265,0.8376842751842751,-0.023617936117935945
adult,DT,accuracy,st=mask__tnxt=T__rn=1__T=20__sc=quad,False,mask,True,1.0,20,quad,0.8125,0.004506481771381988,0.8206388206388207,-0.008138820638820654
adult,RF,accuracy,st=mask__tnxt=T__rn=1__T=20__sc=quad,False,mask,True,1.0,20,quad,0.803531941031941,0.0025651858744251913,0.8221437346437346,-0.018611793611793548
adult,LR,accuracy,st=mask__tnxt=T__rn=1.5__T=20__sc=quad,False,mask,True,1.5,20,quad,0.8254299754299754,0.00267463649349843,0.8376842751842751,-0.012254299754299702
adult,DT,accuracy,st=mask__tnxt=T__rn=1.5__T=20__sc=quad,False,mask,True,1.5,20,quad,0.8001842751842752,0.0046154711042184545,0.8206388206388207,-0.020454545454545503
adult,RF,accuracy,st=mask__tnxt=T__rn=1.5__T=20__sc=quad,False,mask,True,1.5,20,quad,0.7944717444717445,0.004499778810681808,0.8221437346437346,-0.02767199017199007
adult,LR,accuracy,st=mask__tnxt=T__rn=2__T=20__sc=quad,False,mask,True,2.0,20,quad,0.8128071253071253,0.005685552262591937,0.8376842751842751,-0.02487714987714984
adult,DT,accuracy,st=mask__tnxt=T__rn=2__T=20__sc=quad,False,mask,True,2.0,20,quad,0.7608108108108107,0.0007043823673943272,0.8206388206388207,-0.059828009828009954
adult,RF,accuracy,st=mask__tnxt=T__rn=2__T=20__sc=quad,False,mask,True,2.0,20,quad,0.7558046683046684,0.002157323013370497,0.8221437346437346,-0.06633906633906617
