metrics_int_fid,metrics_int_fid_clip,metrics_int_inception_score,metrics_int_kid,metrics_nvidia_fid,metrics_nvidia_kid,metrics_nvidia_precision,metrics_nvidia_recall,experiment_name,subfolder
252.53181451548022,36.36452543428773,"[1.7803520599089095, 0.0]",0.2604943677977977,221.80029363997775,0.23657629577077086,0.6713799834251404,0.0026599999982863665,cifar10_RGB_8_bits_1000_steps_quad_weights_ones_weights_mask_ones_adamw_lr_1e-4_bs_256_CFG_0.1_2ways,samples-ema-10-1-0.5-half-half
243.20193799961754,36.147614093689725,"[1.876298566419527, 0.0]",0.2470558088138139,204.70565570360395,0.21039086385135136,0.6672400236129761,0.005499999970197678,cifar10_RGB_8_bits_1000_steps_quad_weights_ones_weights_mask_ones_adamw_lr_1e-4_bs_256_CFG_0.1_2ways,samples-ema-10-1-0.5-img
266.2970628997455,37.51808703860138,"[1.6477804764291644, 0.0]",0.28016123783283287,236.41391335736958,0.25865311792042045,0.700160026550293,0.0006000000284984708,cifar10_RGB_8_bits_1000_steps_quad_weights_ones_weights_mask_ones_adamw_lr_1e-4_bs_256_CFG_0.1_2ways,samples-ema-10-1-0.5-mask
164.54835005175835,27.200356738915147,"[3.1490341490037577, 0.0]",0.13195224702202205,144.89999108373274,0.11794323581581581,0.4437600076198578,0.0041600000113248825,cifar10_RGB_8_bits_1000_steps_quad_weights_ones_weights_mask_ones_adamw_lr_1e-4_bs_256_CFG_0.1_2ways,samples-ema-10-10-0.5-half-half
153.0591600200355,25.94278753580545,"[3.3243023879257794, 0.0]",0.11603807868868864,136.97558849314106,0.10587003238988993,0.471780002117157,0.00824000034481287,cifar10_RGB_8_bits_1000_steps_quad_weights_ones_weights_mask_ones_adamw_lr_1e-4_bs_256_CFG_0.1_2ways,samples-ema-10-10-0.5-img
164.7447152270688,27.059570906412063,"[3.1590034737374015, 0.0]",0.13264428670420414,144.5472454784405,0.11619827947697695,0.44501999020576477,0.0040799998678267,cifar10_RGB_8_bits_1000_steps_quad_weights_ones_weights_mask_ones_adamw_lr_1e-4_bs_256_CFG_0.1_2ways,samples-ema-10-10-0.5-mask
199.5224136647625,30.80038581639962,"[2.3363993088447472, 0.0]",0.18868770184934935,170.33925127504622,0.16441824238488478,0.6146000027656555,0.005140000022947788,cifar10_RGB_8_bits_1000_steps_quad_weights_ones_weights_mask_ones_adamw_lr_1e-4_bs_256_CFG_0.1_2ways,samples-ema-10-2-0.5-half-half
189.8802634369996,30.337839698322647,"[2.4923302146016155, 0.0]",0.17456448776776767,157.48933039895968,0.14392809479229232,0.6273800134658813,0.009580000303685665,cifar10_RGB_8_bits_1000_steps_quad_weights_ones_weights_mask_ones_adamw_lr_1e-4_bs_256_CFG_0.1_2ways,samples-ema-10-2-0.5-img
207.01531346128235,31.20507355699212,"[2.2223740694622474, 0.0]",0.19883963086836828,176.65008379638925,0.1724712716791792,0.6266999840736389,0.003800000064074993,cifar10_RGB_8_bits_1000_steps_quad_weights_ones_weights_mask_ones_adamw_lr_1e-4_bs_256_CFG_0.1_2ways,samples-ema-10-2-0.5-mask
172.07091586380994,27.810558514643418,"[2.775145135627032, 0.0]",0.15256695314064073,145.91546325080185,0.13047418173173164,0.5943199992179871,0.005499999970197678,cifar10_RGB_8_bits_1000_steps_quad_weights_ones_weights_mask_ones_adamw_lr_1e-4_bs_256_CFG_0.1_2ways,samples-ema-10-3-0.5-half-half
164.0048949402074,27.42951356036142,"[2.9436641393004104, 0.0]",0.14054100205955947,136.4893241273803,0.11617733420920921,0.6194800138473511,0.010400000028312206,cifar10_RGB_8_bits_1000_steps_quad_weights_ones_weights_mask_ones_adamw_lr_1e-4_bs_256_CFG_0.1_2ways,samples-ema-10-3-0.5-img
113.4905861163756,30.05821892167478,"[5.092369225081397, 0.0]",0.05356814370870868,117.85567033043372,0.05927674539289292,0.5727999806404114,0.012199999764561653,cifar10_RGB_8_bits_1000_steps_quad_weights_ones_weights_mask_ones_adamw_lr_1e-4_bs_256_CFG_0.1_2ways,samples-ema-1000-2-0.5-half-half
96.0237480376494,27.13061870258639,"[4.311238926762156, 0.0]",0.04726750286036033,95.4609560765036,0.05127961078828827,0.9209399819374084,0.009600000455975533,cifar10_RGB_8_bits_1000_steps_quad_weights_ones_weights_mask_ones_adamw_lr_1e-4_bs_256_CFG_0.1_2ways,samples-ema-1000-2-0.5-img
101.81481970302707,27.132285341492086,"[5.389451773997578, 0.0]",0.045926492615115104,103.70012543289275,0.04936622369119121,0.6520199775695801,0.019139999523758888,cifar10_RGB_8_bits_1000_steps_quad_weights_ones_weights_mask_ones_adamw_lr_1e-4_bs_256_CFG_0.1_2ways,samples-ema-1000-2-0.5-mask
52.458027027501146,17.848869084525234,"[6.265973114629516, 0.0]",0.021277867860360386,50.88345377984733,0.021603466423923932,0.7597000002861023,0.07128000259399414,cifar10_RGB_8_bits_1000_steps_quad_weights_ones_weights_mask_ones_adamw_lr_1e-4_bs_256_CFG_0.1_2ways,samples-ema-1000-3-0.5-half-half
50.10986921947938,17.331285098556684,"[6.194605794211363, 0.0]",0.020369935970970986,48.2988940080722,0.02059473660410408,0.8842599987983704,0.05869999900460243,cifar10_RGB_8_bits_1000_steps_quad_weights_ones_weights_mask_ones_adamw_lr_1e-4_bs_256_CFG_0.1_2ways,samples-ema-1000-3-0.5-img
51.83160515217776,17.40464378847645,"[6.324450069378819, 0.0]",0.020797337847847843,49.91454027587198,0.021086554074074074,0.7695599794387817,0.0790800005197525,cifar10_RGB_8_bits_1000_steps_quad_weights_ones_weights_mask_ones_adamw_lr_1e-4_bs_256_CFG_0.1_2ways,samples-ema-1000-3-0.5-mask
22.714358468850605,9.506757910869794,"[7.388169005632669, 0.0]",0.007125770395395403,20.297782419839244,0.0059233122472472635,0.7382400035858154,0.24266000092029572,cifar10_RGB_8_bits_1000_steps_quad_weights_ones_weights_mask_ones_adamw_lr_1e-4_bs_256_CFG_0.1_2ways,samples-ema-1000-5-0.5-half-half
21.673769177784266,9.597289085233172,"[7.4949951301440505, 0.0]",0.006611406026026076,19.34365130800385,0.00531774881381381,0.800059974193573,0.2472199946641922,cifar10_RGB_8_bits_1000_steps_quad_weights_ones_weights_mask_ones_adamw_lr_1e-4_bs_256_CFG_0.1_2ways,samples-ema-1000-5-0.5-img
22.04563031668721,9.268643593343171,"[7.581810872554075, 0.0]",0.006920328778778794,19.941436680743077,0.00594174287287286,0.7416399717330933,0.24089999496936798,cifar10_RGB_8_bits_1000_steps_quad_weights_ones_weights_mask_ones_adamw_lr_1e-4_bs_256_CFG_0.1_2ways,samples-ema-1000-5-0.5-mask
21.437672190979356,7.281589433679159,"[7.354382601371933, 0.0]",0.00934226808808809,18.477558747915086,0.007570066811811817,0.65829998254776,0.26881998777389526,cifar10_RGB_8_bits_1000_steps_quad_weights_ones_weights_mask_ones_adamw_lr_1e-4_bs_256_CFG_0.1_2ways,samples-ema-1000-7-0.5-half-half
19.745839775094623,7.0996731528682275,"[7.4908804960834585, 0.0]",0.007615487882882844,16.86623874683787,0.006178149639639628,0.694599986076355,0.2823599874973297,cifar10_RGB_8_bits_1000_steps_quad_weights_ones_weights_mask_ones_adamw_lr_1e-4_bs_256_CFG_0.1_2ways,samples-ema-1000-7-0.5-img
22.03243353468531,7.201848532447116,"[7.567858914390073, 0.0]",0.009071848996496514,19.471618502109312,0.007555119184184196,0.6517599821090698,0.26339998841285706,cifar10_RGB_8_bits_1000_steps_quad_weights_ones_weights_mask_ones_adamw_lr_1e-4_bs_256_CFG_0.1_2ways,samples-ema-1000-7-0.5-mask
74.24962629460646,19.075761485660564,"[4.655564687869526, 0.0]",0.057432916934434426,59.61179273422515,0.04913540546796798,0.8365399837493896,0.11048000305891037,cifar10_RGB_8_bits_1000_steps_quad_weights_ones_weights_mask_ones_adamw_lr_1e-4_bs_256_CFG_0.1_2ways,samples-ema-25-1-0.5-half-half
74.98028037870256,19.406628350914453,"[4.632446759965435, 0.0]",0.05786130067317321,59.53939291991165,0.04892459795295294,0.8511599898338318,0.11206000298261642,cifar10_RGB_8_bits_1000_steps_quad_weights_ones_weights_mask_ones_adamw_lr_1e-4_bs_256_CFG_0.1_2ways,samples-ema-25-1-0.5-img
76.69148640138485,19.018779708960295,"[4.475330575295346, 0.0]",0.06015278692942942,61.60769191084491,0.05183700966966971,0.8479999899864197,0.09762000292539597,cifar10_RGB_8_bits_1000_steps_quad_weights_ones_weights_mask_ones_adamw_lr_1e-4_bs_256_CFG_0.1_2ways,samples-ema-25-1-0.5-mask
68.47292325493498,13.221267442771165,"[5.69495867735431, 0.0]",0.04145208085585591,62.341740711926306,0.04009805100600599,0.5702800154685974,0.14103999733924866,cifar10_RGB_8_bits_1000_steps_quad_weights_ones_weights_mask_ones_adamw_lr_1e-4_bs_256_CFG_0.1_2ways,samples-ema-25-10-0.5-half-half
65.27463486607832,12.407444927787914,"[5.744787148464092, 0.0]",0.0384402993193193,59.97567525512566,0.037281559859859884,0.5825999975204468,0.14441999793052673,cifar10_RGB_8_bits_1000_steps_quad_weights_ones_weights_mask_ones_adamw_lr_1e-4_bs_256_CFG_0.1_2ways,samples-ema-25-10-0.5-img
68.15661247474054,13.034427819283557,"[5.787087117392558, 0.0]",0.04076529910160159,62.43757165773672,0.0395415942117117,0.5657399892807007,0.1265600025653839,cifar10_RGB_8_bits_1000_steps_quad_weights_ones_weights_mask_ones_adamw_lr_1e-4_bs_256_CFG_0.1_2ways,samples-ema-25-10-0.5-mask
32.1898864802543,13.25879909886045,"[6.583865387040253, 0.0]",0.017099643956456464,26.285346748300178,0.01498470483483485,0.846560001373291,0.12807999551296234,cifar10_RGB_8_bits_1000_steps_quad_weights_ones_weights_mask_ones_adamw_lr_1e-4_bs_256_CFG_0.1_2ways,samples-ema-50-2-0.5-mask
23.877302959830786,10.28683308769078,"[7.165868185575704, 0.0]",0.011616635878378396,18.92956764214403,0.00966305635635637,0.842960000038147,0.1858000010251999,cifar10_RGB_8_bits_1000_steps_quad_weights_ones_weights_mask_ones_adamw_lr_1e-4_bs_256_CFG_0.1_2ways,samples-ema-50-3-0.5-half-half
24.864167206890784,10.71296724642265,"[7.193042962881131, 0.0]",0.012613915768268256,19.479829560005285,0.010089426298798793,0.8554199934005737,0.18184000253677368,cifar10_RGB_8_bits_1000_steps_quad_weights_ones_weights_mask_ones_adamw_lr_1e-4_bs_256_CFG_0.1_2ways,samples-ema-50-3-0.5-img
23.684625939394266,10.110550386212935,"[7.254072195245355, 0.0]",0.011583869476976979,18.87461561298351,0.009570214552052049,0.8483999967575073,0.1877399981021881,cifar10_RGB_8_bits_1000_steps_quad_weights_ones_weights_mask_ones_adamw_lr_1e-4_bs_256_CFG_0.1_2ways,samples-ema-50-3-0.5-mask
19.780212200661026,7.057912100624165,"[7.542276588475432, 0.0]",0.008521494734734696,15.76575217332716,0.006993817072072093,0.7928799986839294,0.2654600143432617,cifar10_RGB_8_bits_1000_steps_quad_weights_ones_weights_mask_ones_adamw_lr_1e-4_bs_256_CFG_0.1_2ways,samples-ema-50-5-0.5-half-half
20.323174983852255,7.29557150019145,"[7.577000375565665, 0.0]",0.009107198683683692,16.05099360956682,0.0071773529904904584,0.7985000014305115,0.2600800096988678,cifar10_RGB_8_bits_1000_steps_quad_weights_ones_weights_mask_ones_adamw_lr_1e-4_bs_256_CFG_0.1_2ways,samples-ema-50-5-0.5-img
20.409540546709366,7.078468973382229,"[7.561639417207156, 0.0]",0.008807685743243254,16.75741264815195,0.007465558593593587,0.7912600040435791,0.25492000579833984,cifar10_RGB_8_bits_1000_steps_quad_weights_ones_weights_mask_ones_adamw_lr_1e-4_bs_256_CFG_0.1_2ways,samples-ema-50-5-0.5-mask
26.550336608577936,6.681238126804651,"[7.2215950209668085, 0.0]",0.012830325197697707,22.669207160377457,0.011202228368368374,0.7074199914932251,0.2741999924182892,cifar10_RGB_8_bits_1000_steps_quad_weights_ones_weights_mask_ones_adamw_lr_1e-4_bs_256_CFG_0.1_2ways,samples-ema-50-7-0.5-half-half
25.894014650093254,6.595575304580251,"[7.229877605460575, 0.0]",0.012119061784284277,21.923103300584643,0.010460868253253238,0.7191600203514099,0.2665199935436249,cifar10_RGB_8_bits_1000_steps_quad_weights_ones_weights_mask_ones_adamw_lr_1e-4_bs_256_CFG_0.1_2ways,samples-ema-50-7-0.5-img
27.87577083024439,6.766922408784659,"[7.208850434462146, 0.0]",0.013112722612612634,24.382360298140405,0.011796072207207185,0.7065799832344055,0.2650800049304962,cifar10_RGB_8_bits_1000_steps_quad_weights_ones_weights_mask_ones_adamw_lr_1e-4_bs_256_CFG_0.1_2ways,samples-ema-50-7-0.5-mask
237.44587240757212,49.14577618106145,"[3.208836339314397, 0.0]",0.15150559310560566,262.55862307561426,0.16889266571571582,0.4220600128173828,0.0037400000728666782,cifar10_RGB_8_bits_1000_steps_quad_weights_ones_weights_mask_ones_adamw_lr_1e-4_bs_256_CFG_0.1_2ways,samples-ema-500-1-0.5-average
255.64030386346803,52.31211839773991,"[2.6984660722614286, 0.0]",0.1939547026301301,277.9427783996531,0.2219933477552553,0.11680000275373459,0.014360000379383564,cifar10_RGB_8_bits_1000_steps_quad_weights_ones_weights_mask_ones_adamw_lr_1e-4_bs_256_CFG_0.1_2ways,samples-ema-500-1-0.5-half-half
269.77305026079364,52.63831235916211,"[1.6030643311162251, 0.0]",0.2273324937737738,286.59554066883913,0.26230367063813814,0.9667999744415283,0.004980000201612711,cifar10_RGB_8_bits_1000_steps_quad_weights_ones_weights_mask_ones_adamw_lr_1e-4_bs_256_CFG_0.1_2ways,samples-ema-500-1-0.5-img
233.67073597557226,48.83734769539265,"[3.010147329389996, 0.0]",0.16815096135635638,252.36801790097599,0.19075300943693696,0.1737000048160553,0.006320000160485506,cifar10_RGB_8_bits_1000_steps_quad_weights_ones_weights_mask_ones_adamw_lr_1e-4_bs_256_CFG_0.1_2ways,samples-ema-500-1-0.5-mask
34.988540235378025,8.300649534321053,"[6.717064552669673, 0.0]",0.01972688611861864,32.29698519572746,0.01943091944944947,0.5700399875640869,0.22078000009059906,cifar10_RGB_8_bits_1000_steps_quad_weights_ones_weights_mask_ones_adamw_lr_1e-4_bs_256_CFG_0.1_2ways,samples-ema-500-10-0.5-half-half
175.35491962183335,27.930366644402355,"[2.6834482578861696, 0.0]",0.15633183175675677,148.59299960869998,0.1336167808008008,0.6000199913978577,0.007040000054985285,cifar10_RGB_8_bits_1000_steps_quad_weights_ones_weights_mask_ones_adamw_lr_1e-4_bs_256_CFG_0.1_2ways,samples-ema-10-3-0.5-mask
43.59297745532075,16.70826100740028,"[6.455057220988246, 0.0]",0.019555002404904896,40.097076287816975,0.018692424199199205,0.8092600107192993,0.07056000083684921,cifar10_RGB_8_bits_1000_steps_quad_weights_ones_weights_mask_ones_adamw_lr_1e-4_bs_256_CFG_0.1_2ways,samples-ema-100-2-0.5-mask
37.46696795284083,9.207244398984479,"[6.681554933768613, 0.0]",0.021284914607107096,34.85150233500355,0.020855398948948924,0.5425199866294861,0.20618000626564026,cifar10_RGB_8_bits_1000_steps_quad_weights_ones_weights_mask_ones_adamw_lr_1e-4_bs_256_CFG_0.1_2ways,samples-ema-1000-10-0.5-mask
53.12586521775114,14.884133702465576,"[5.662662147054463, 0.0]",0.03692283569319321,41.81174762171416,0.0313786045995996,0.8344600200653076,0.14630000293254852,cifar10_RGB_8_bits_1000_steps_quad_weights_ones_weights_mask_ones_adamw_lr_1e-4_bs_256_CFG_0.1_2ways,samples-ema-25-2-0.5-half-half
182.9794819500675,41.64159686802047,"[3.724530519045274, 0.0]",0.11284191379629628,194.33503336082043,0.12431440902152162,0.34125998616218567,0.013399999588727951,cifar10_RGB_8_bits_1000_steps_quad_weights_ones_weights_mask_ones_adamw_lr_1e-4_bs_256_CFG_0.1_2ways,samples-ema-250-1-0.5-mask
34.41841918560107,14.19781561955326,"[6.453128955678513, 0.0]",0.018998588158158178,27.875114593353796,0.01648459034284285,0.8647000193595886,0.12042000144720078,cifar10_RGB_8_bits_1000_steps_quad_weights_ones_weights_mask_ones_adamw_lr_1e-4_bs_256_CFG_0.1_2ways,samples-ema-50-2-0.5-img
32.92365050879886,7.772958909126629,"[6.8223359363909815, 0.0]",0.017726744494494483,30.337189453330797,0.017445914164164147,0.5795400142669678,0.24048000574111938,cifar10_RGB_8_bits_1000_steps_quad_weights_ones_weights_mask_ones_adamw_lr_1e-4_bs_256_CFG_0.1_2ways,samples-ema-500-10-0.5-img
27.91637386059716,11.957916379233964,"[7.208111455809739, 0.0]",0.011038237745245228,24.468712522083482,0.009860774847347348,0.8326200246810913,0.1398400068283081,cifar10_RGB_8_bits_1000_steps_quad_weights_ones_weights_mask_ones_adamw_lr_1e-4_bs_256_CFG_0.1_2ways,samples-ema-100-3-0.5-half-half
28.86797823691097,12.095983023504047,"[7.260882065278726, 0.0]",0.01212581112862863,25.114605451330824,0.010727363325825842,0.8660600185394287,0.13057999312877655,cifar10_RGB_8_bits_1000_steps_quad_weights_ones_weights_mask_ones_adamw_lr_1e-4_bs_256_CFG_0.1_2ways,samples-ema-100-3-0.5-img
26.584249698030987,11.39430706481707,"[7.376367100561824, 0.0]",0.01044298450950952,23.308886446660075,0.00934581891891892,0.840939998626709,0.14059999585151672,cifar10_RGB_8_bits_1000_steps_quad_weights_ones_weights_mask_ones_adamw_lr_1e-4_bs_256_CFG_0.1_2ways,samples-ema-100-3-0.5-mask
16.433032831252774,6.776421183820233,"[7.905646962007462, 0.0]",0.005231651486486476,13.857561512729074,0.0040868259909909565,0.7979599833488464,0.26194000244140625,cifar10_RGB_8_bits_1000_steps_quad_weights_ones_weights_mask_ones_adamw_lr_1e-4_bs_256_CFG_0.1_2ways,samples-ema-100-5-0.5-half-half
16.92593276172431,7.002742817300117,"[7.8082376702539955, 0.0]",0.00580099216966963,14.152678311915341,0.004367644714714693,0.8087000250816345,0.25714001059532166,cifar10_RGB_8_bits_1000_steps_quad_weights_ones_weights_mask_ones_adamw_lr_1e-4_bs_256_CFG_0.1_2ways,samples-ema-100-5-0.5-img
16.71156417431149,6.634986375558206,"[7.813971630678223, 0.0]",0.0053567237237237076,14.351533899130565,0.004379245570570583,0.7971400022506714,0.25297999382019043,cifar10_RGB_8_bits_1000_steps_quad_weights_ones_weights_mask_ones_adamw_lr_1e-4_bs_256_CFG_0.1_2ways,samples-ema-100-5-0.5-mask
19.488834372041424,5.53479613208124,"[7.657624901735063, 0.0]",0.007747000720720734,16.962891991179085,0.00659197473723722,0.7102000117301941,0.290120005607605,cifar10_RGB_8_bits_1000_steps_quad_weights_ones_weights_mask_ones_adamw_lr_1e-4_bs_256_CFG_0.1_2ways,samples-ema-100-7-0.5-half-half
19.293022047661736,5.587356068853566,"[7.653832222653657, 0.0]",0.0077315318043043495,16.621473701691897,0.006369023848848833,0.7246800065040588,0.2878600060939789,cifar10_RGB_8_bits_1000_steps_quad_weights_ones_weights_mask_ones_adamw_lr_1e-4_bs_256_CFG_0.1_2ways,samples-ema-100-7-0.5-img
20.522888092012067,5.609039727848398,"[7.621801270082771, 0.0]",0.008258564907407425,18.334521402779185,0.007359886293793798,0.7116000056266785,0.2819400131702423,cifar10_RGB_8_bits_1000_steps_quad_weights_ones_weights_mask_ones_adamw_lr_1e-4_bs_256_CFG_0.1_2ways,samples-ema-100-7-0.5-mask
283.0548020480103,56.31148208406923,"[2.461586347891316, 0.0]",0.22562892528528533,307.16687255654637,0.2546826759559559,0.061900001019239426,0.010979999788105488,cifar10_RGB_8_bits_1000_steps_quad_weights_ones_weights_mask_ones_adamw_lr_1e-4_bs_256_CFG_0.1_2ways,samples-ema-1000-1-0.5-half-half
305.8167303881494,57.181137842726216,"[1.39368431711003, 0.0]",0.2629818562237238,324.7547250839734,0.30483487620370386,0.980400025844574,0.0015999999595806003,cifar10_RGB_8_bits_1000_steps_quad_weights_ones_weights_mask_ones_adamw_lr_1e-4_bs_256_CFG_0.1_2ways,samples-ema-1000-1-0.5-img
266.42315955687155,53.424278992456586,"[2.6455305801843663, 0.0]",0.20779327909159162,288.21952225965094,0.2329259601626627,0.09204000234603882,0.004780000075697899,cifar10_RGB_8_bits_1000_steps_quad_weights_ones_weights_mask_ones_adamw_lr_1e-4_bs_256_CFG_0.1_2ways,samples-ema-1000-1-0.5-mask
38.48204245575363,9.37742550772262,"[6.524157438733312, 0.0]",0.022621240693193174,35.30583185783933,0.02206237838838838,0.5565599799156189,0.21225999295711517,cifar10_RGB_8_bits_1000_steps_quad_weights_ones_weights_mask_ones_adamw_lr_1e-4_bs_256_CFG_0.1_2ways,samples-ema-1000-10-0.5-half-half
35.63982111840312,8.624632836411699,"[6.61227951967077, 0.0]",0.019903175060060077,32.71228615928584,0.019619929214214238,0.5740600228309631,0.23095999658107758,cifar10_RGB_8_bits_1000_steps_quad_weights_ones_weights_mask_ones_adamw_lr_1e-4_bs_256_CFG_0.1_2ways,samples-ema-1000-10-0.5-img
33.623360699790055,7.6382265975643335,"[6.926781715310428, 0.0]",0.018494780300300308,31.242314391541385,0.01829606903403403,0.5776399970054626,0.23919999599456787,cifar10_RGB_8_bits_1000_steps_quad_weights_ones_weights_mask_ones_adamw_lr_1e-4_bs_256_CFG_0.1_2ways,samples-ema-250-10-0.5-half-half
31.60099585924928,7.124816438926402,"[6.993505860368764, 0.0]",0.016565830405405418,29.263668945363655,0.01623007864364366,0.5928000211715698,0.25255998969078064,cifar10_RGB_8_bits_1000_steps_quad_weights_ones_weights_mask_ones_adamw_lr_1e-4_bs_256_CFG_0.1_2ways,samples-ema-250-10-0.5-img
33.89968646122156,7.548815533895436,"[7.035338383991683, 0.0]",0.01776051045295298,32.13440213812019,0.01776754551051051,0.5709599852561951,0.24155999720096588,cifar10_RGB_8_bits_1000_steps_quad_weights_ones_weights_mask_ones_adamw_lr_1e-4_bs_256_CFG_0.1_2ways,samples-ema-250-10-0.5-mask
74.96114157283995,23.515753232292354,"[5.794064358838715, 0.0]",0.03338678397897899,73.74948228161375,0.033752462089589604,0.7116199731826782,0.03017999976873398,cifar10_RGB_8_bits_1000_steps_quad_weights_ones_weights_mask_ones_adamw_lr_1e-4_bs_256_CFG_0.1_2ways,samples-ema-250-2-0.5-half-half
69.88174960197114,21.752328568586506,"[5.4013154580752865, 0.0]",0.03357402418168169,67.93504841352186,0.034073722620120116,0.9082599878311157,0.02653999999165535,cifar10_RGB_8_bits_1000_steps_quad_weights_ones_weights_mask_ones_adamw_lr_1e-4_bs_256_CFG_0.1_2ways,samples-ema-250-2-0.5-img
68.47898192949634,21.948302731283988,"[6.041718026276748, 0.0]",0.030159328233233217,67.15567798636746,0.03053068338838837,0.7440599799156189,0.03711999952793121,cifar10_RGB_8_bits_1000_steps_quad_weights_ones_weights_mask_ones_adamw_lr_1e-4_bs_256_CFG_0.1_2ways,samples-ema-250-2-0.5-mask
40.2254191561517,14.924326479752153,"[6.830474350260795, 0.0]",0.0153434422672672,38.3491568797151,0.015370239349349358,0.8034999966621399,0.09653999656438828,cifar10_RGB_8_bits_1000_steps_quad_weights_ones_weights_mask_ones_adamw_lr_1e-4_bs_256_CFG_0.1_2ways,samples-ema-250-3-0.5-half-half
40.19156975967263,14.509264709405855,"[6.81312668352621, 0.0]",0.016117804036536506,37.87856070745382,0.015906120102602613,0.8770800232887268,0.08646000176668167,cifar10_RGB_8_bits_1000_steps_quad_weights_ones_weights_mask_ones_adamw_lr_1e-4_bs_256_CFG_0.1_2ways,samples-ema-250-3-0.5-img
38.072561388841564,14.140253732774525,"[7.082954023222717, 0.0]",0.014445993568568575,36.00479892798776,0.014200843843843862,0.8137199878692627,0.09440000355243683,cifar10_RGB_8_bits_1000_steps_quad_weights_ones_weights_mask_ones_adamw_lr_1e-4_bs_256_CFG_0.1_2ways,samples-ema-250-3-0.5-mask
17.729144508870718,7.583840091920237,"[7.75958672757795, 0.0]",0.005140466111111132,15.664862823395822,0.004225300230230187,0.7816200256347656,0.2506999969482422,cifar10_RGB_8_bits_1000_steps_quad_weights_ones_weights_mask_ones_adamw_lr_1e-4_bs_256_CFG_0.1_2ways,samples-ema-250-5-0.5-half-half
17.94326308225635,7.7674089788632585,"[7.853050163028566, 0.0]",0.005503810385385386,15.647467705651916,0.004266243713713712,0.808459997177124,0.24687999486923218,cifar10_RGB_8_bits_1000_steps_quad_weights_ones_weights_mask_ones_adamw_lr_1e-4_bs_256_CFG_0.1_2ways,samples-ema-250-5-0.5-img
17.822680867756162,7.316112477519745,"[7.804103106713757, 0.0]",0.005010792870370332,16.134027780167813,0.004359825955955971,0.7853999733924866,0.2463800013065338,cifar10_RGB_8_bits_1000_steps_quad_weights_ones_weights_mask_ones_adamw_lr_1e-4_bs_256_CFG_0.1_2ways,samples-ema-250-5-0.5-mask
18.324325616753185,5.786289546735119,"[7.708848297895476, 0.0]",0.00708480231231234,16.26594163490919,0.0059747052552552625,0.6944599747657776,0.29721999168395996,cifar10_RGB_8_bits_1000_steps_quad_weights_ones_weights_mask_ones_adamw_lr_1e-4_bs_256_CFG_0.1_2ways,samples-ema-250-7-0.5-half-half
17.584303948265415,5.654027878163589,"[7.7907966511530615, 0.0]",0.006276883475975965,15.342233542554531,0.005233254759759748,0.7147799730300903,0.2964400053024292,cifar10_RGB_8_bits_1000_steps_quad_weights_ones_weights_mask_ones_adamw_lr_1e-4_bs_256_CFG_0.1_2ways,samples-ema-250-7-0.5-img
19.202501441262257,5.697430292391466,"[7.773325381655255, 0.0]",0.007212405280280272,17.44358514801277,0.006386454161661646,0.6885200142860413,0.30059999227523804,cifar10_RGB_8_bits_1000_steps_quad_weights_ones_weights_mask_ones_adamw_lr_1e-4_bs_256_CFG_0.1_2ways,samples-ema-250-7-0.5-mask
63.138355546925084,21.959311349868486,"[5.074974753246114, 0.0]",0.03590909867367363,58.67131984033108,0.03570105258508509,0.7569599747657776,0.061820000410079956,cifar10_RGB_8_bits_1000_steps_quad_weights_ones_weights_mask_ones_adamw_lr_1e-4_bs_256_CFG_0.1_2ways,samples-ema-50-1-0.5-half-half
62.08183601065639,21.748178721359935,"[4.85484409412497, 0.0]",0.0385505748673674,56.43120778575539,0.03773158255005006,0.8635600209236145,0.05682000145316124,cifar10_RGB_8_bits_1000_steps_quad_weights_ones_weights_mask_ones_adamw_lr_1e-4_bs_256_CFG_0.1_2ways,samples-ema-50-1-0.5-img
57.59939183890987,20.351332799586984,"[5.152537819915434, 0.0]",0.03444991364864863,52.27492519575962,0.0333307327927928,0.7949399948120117,0.06428000330924988,cifar10_RGB_8_bits_1000_steps_quad_weights_ones_weights_mask_ones_adamw_lr_1e-4_bs_256_CFG_0.1_2ways,samples-ema-50-1-0.5-mask
44.45247139406206,8.99976667082769,"[6.51642417001583, 0.0]",0.024328786423923967,40.90985055419543,0.024026989812312306,0.5927000045776367,0.23146000504493713,cifar10_RGB_8_bits_1000_steps_quad_weights_ones_weights_mask_ones_adamw_lr_1e-4_bs_256_CFG_0.1_2ways,samples-ema-50-10-0.5-half-half
42.453079776113555,8.472239006632549,"[6.533726606979411, 0.0]",0.02273228805305303,39.16411716804918,0.022349890055055072,0.6019200086593628,0.2356799989938736,cifar10_RGB_8_bits_1000_steps_quad_weights_ones_weights_mask_ones_adamw_lr_1e-4_bs_256_CFG_0.1_2ways,samples-ema-50-10-0.5-img
45.22262994906009,9.05242348182749,"[6.565479912039502, 0.0]",0.024183799214214204,41.949513859678525,0.023805050860860846,0.5869399905204773,0.23082000017166138,cifar10_RGB_8_bits_1000_steps_quad_weights_ones_weights_mask_ones_adamw_lr_1e-4_bs_256_CFG_0.1_2ways,samples-ema-50-10-0.5-mask
33.37840414567495,13.777939411370845,"[6.550827471155419, 0.0]",0.01767071818818822,27.456249216548727,0.015506449194194206,0.8339800238609314,0.12598000466823578,cifar10_RGB_8_bits_1000_steps_quad_weights_ones_weights_mask_ones_adamw_lr_1e-4_bs_256_CFG_0.1_2ways,samples-ema-50-2-0.5-half-half
53.5678409557151,15.160470148649893,"[5.688557584584055, 0.0]",0.03719526172422425,41.57070440314942,0.03078756096846846,0.8440399765968323,0.149399995803833,cifar10_RGB_8_bits_1000_steps_quad_weights_ones_weights_mask_ones_adamw_lr_1e-4_bs_256_CFG_0.1_2ways,samples-ema-25-2-0.5-img
54.38395726390712,14.879336855265748,"[5.570221466457028, 0.0]",0.03775664986486487,42.8364752347301,0.0322155398923924,0.8365600109100342,0.13604000210762024,cifar10_RGB_8_bits_1000_steps_quad_weights_ones_weights_mask_ones_adamw_lr_1e-4_bs_256_CFG_0.1_2ways,samples-ema-25-2-0.5-mask
44.32898842284612,12.807533011882839,"[6.175441151453382, 0.0]",0.028533199584584574,35.07113517203973,0.02407768396146146,0.8115800023078918,0.17603999376296997,cifar10_RGB_8_bits_1000_steps_quad_weights_ones_weights_mask_ones_adamw_lr_1e-4_bs_256_CFG_0.1_2ways,samples-ema-25-3-0.5-half-half
44.72826955718341,12.899512855150292,"[6.200872999313597, 0.0]",0.029269293998999024,34.93674340080541,0.023934716594094085,0.8243399858474731,0.1811400055885315,cifar10_RGB_8_bits_1000_steps_quad_weights_ones_weights_mask_ones_adamw_lr_1e-4_bs_256_CFG_0.1_2ways,samples-ema-25-3-0.5-img
45.87975272372012,12.839366111412595,"[6.085355449489136, 0.0]",0.029698574209209242,36.414035574994756,0.0252629936061061,0.8184199929237366,0.16524000465869904,cifar10_RGB_8_bits_1000_steps_quad_weights_ones_weights_mask_ones_adamw_lr_1e-4_bs_256_CFG_0.1_2ways,samples-ema-25-3-0.5-mask
42.524969028409714,10.798987051600392,"[6.394380412523764, 0.0]",0.025200365930930967,34.795577295377484,0.02146841616116116,0.7454599738121033,0.21461999416351318,cifar10_RGB_8_bits_1000_steps_quad_weights_ones_weights_mask_ones_adamw_lr_1e-4_bs_256_CFG_0.1_2ways,samples-ema-25-5-0.5-half-half
42.54227956824866,10.752728706777326,"[6.4234854604345655, 0.0]",0.02499412928678679,34.44218502237055,0.021245951516516533,0.7583600282669067,0.20110000669956207,cifar10_RGB_8_bits_1000_steps_quad_weights_ones_weights_mask_ones_adamw_lr_1e-4_bs_256_CFG_0.1_2ways,samples-ema-25-5-0.5-img
43.42763280117492,10.876625497752073,"[6.39666882358644, 0.0]",0.025307017635135126,36.07911479256916,0.02192229189689691,0.7463799715042114,0.1855199933052063,cifar10_RGB_8_bits_1000_steps_quad_weights_ones_weights_mask_ones_adamw_lr_1e-4_bs_256_CFG_0.1_2ways,samples-ema-25-5-0.5-mask
50.25257865866615,10.904351925262027,"[6.222910908066808, 0.0]",0.029113867082082107,43.350532419385054,0.026398689344344337,0.6616600155830383,0.18027999997138977,cifar10_RGB_8_bits_1000_steps_quad_weights_ones_weights_mask_ones_adamw_lr_1e-4_bs_256_CFG_0.1_2ways,samples-ema-25-7-0.5-half-half
49.17131586623549,10.51556363646688,"[6.290017404546942, 0.0]",0.028138155097597612,42.39257560801545,0.025300046606606577,0.6811000108718872,0.183119997382164,cifar10_RGB_8_bits_1000_steps_quad_weights_ones_weights_mask_ones_adamw_lr_1e-4_bs_256_CFG_0.1_2ways,samples-ema-25-7-0.5-img
51.294563308841134,10.925103947658236,"[6.211536537980489, 0.0]",0.029320086621621604,44.753842876523684,0.026828882322322313,0.669700026512146,0.17757999897003174,cifar10_RGB_8_bits_1000_steps_quad_weights_ones_weights_mask_ones_adamw_lr_1e-4_bs_256_CFG_0.1_2ways,samples-ema-25-7-0.5-mask
206.85487189998932,45.24814272024476,"[3.3468008478478932, 0.0]",0.13727968736486482,222.1812159580724,0.1534797986336337,0.2643600106239319,0.008960000239312649,cifar10_RGB_8_bits_1000_steps_quad_weights_ones_weights_mask_ones_adamw_lr_1e-4_bs_256_CFG_0.1_2ways,samples-ema-250-1-0.5-half-half
210.15434618122066,43.561850730410825,"[2.1461296819081506, 0.0]",0.15869771755255258,219.70631894332035,0.18005832755005008,0.9393200278282166,0.009340000338852406,cifar10_RGB_8_bits_1000_steps_quad_weights_ones_weights_mask_ones_adamw_lr_1e-4_bs_256_CFG_0.1_2ways,samples-ema-250-1-0.5-img
151.16585407461469,25.601831065423795,"[3.217569987247195, 0.0]",0.12322690348598593,129.87637119930423,0.10705115774524522,0.5574600100517273,0.00860000029206276,cifar10_RGB_8_bits_1000_steps_quad_weights_ones_weights_mask_ones_adamw_lr_1e-4_bs_256_CFG_0.1_2ways,samples-ema-10-5-0.5-half-half
143.56247397435402,24.92366944988278,"[3.3825490217684937, 0.0]",0.11257308571821817,122.26350364574817,0.09590903653903894,0.5800999999046326,0.014379999600350857,cifar10_RGB_8_bits_1000_steps_quad_weights_ones_weights_mask_ones_adamw_lr_1e-4_bs_256_CFG_0.1_2ways,samples-ema-10-5-0.5-img
152.17461127596283,25.416285308825607,"[3.1983058735670635, 0.0]",0.12400728139639641,130.4065086715385,0.10677877727477472,0.5691199898719788,0.0071000000461936,cifar10_RGB_8_bits_1000_steps_quad_weights_ones_weights_mask_ones_adamw_lr_1e-4_bs_256_CFG_0.1_2ways,samples-ema-10-5-0.5-mask
150.2776235690896,25.561349863818407,"[3.330822329767532, 0.0]",0.11888039213213208,130.73313712155905,0.1054204971221221,0.5150200128555298,0.008500000461935997,cifar10_RGB_8_bits_1000_steps_quad_weights_ones_weights_mask_ones_adamw_lr_1e-4_bs_256_CFG_0.1_2ways,samples-ema-10-7-0.5-half-half
142.2594332372641,24.630539742910017,"[3.463763115698798, 0.0]",0.10729621452952949,124.27177997153385,0.0952294660485486,0.5400800108909607,0.012380000203847885,cifar10_RGB_8_bits_1000_steps_quad_weights_ones_weights_mask_ones_adamw_lr_1e-4_bs_256_CFG_0.1_2ways,samples-ema-10-7-0.5-img
150.34414764766052,25.24268672046113,"[3.312497759719715, 0.0]",0.11943749965715714,130.42878048365202,0.10370987935185186,0.5201200246810913,0.0060800001956522465,cifar10_RGB_8_bits_1000_steps_quad_weights_ones_weights_mask_ones_adamw_lr_1e-4_bs_256_CFG_0.1_2ways,samples-ema-10-7-0.5-mask
122.7333142021289,32.81867075851629,"[4.455249498033181, 0.0]",0.06470920281281278,125.9536005398778,0.0695573395895896,0.5407000184059143,0.024900000542402267,cifar10_RGB_8_bits_1000_steps_quad_weights_ones_weights_mask_ones_adamw_lr_1e-4_bs_256_CFG_0.1_2ways,samples-ema-100-1-0.5-half-half
117.67442554511535,30.58194797010944,"[3.5557125158261433, 0.0]",0.0733087447522523,117.44011133603108,0.07833838451451447,0.900160014629364,0.021980000659823418,cifar10_RGB_8_bits_1000_steps_quad_weights_ones_weights_mask_ones_adamw_lr_1e-4_bs_256_CFG_0.1_2ways,samples-ema-100-1-0.5-img
105.69278281131517,29.99605760801802,"[4.689375839014505, 0.0]",0.053789547547547556,106.96446418726248,0.05731834763513514,0.6069200038909912,0.02418000064790249,cifar10_RGB_8_bits_1000_steps_quad_weights_ones_weights_mask_ones_adamw_lr_1e-4_bs_256_CFG_0.1_2ways,samples-ema-100-1-0.5-mask
35.64327728404527,7.603193058250774,"[6.811450927613107, 0.0]",0.019106928285785772,32.979303670655305,0.018575129872372382,0.5889400243759155,0.2513999938964844,cifar10_RGB_8_bits_1000_steps_quad_weights_ones_weights_mask_ones_adamw_lr_1e-4_bs_256_CFG_0.1_2ways,samples-ema-100-10-0.5-half-half
34.286984402792484,7.17924082624701,"[6.945744740985025, 0.0]",0.017615208278278276,31.632537504688408,0.017255914056556552,0.6039400100708008,0.2625199854373932,cifar10_RGB_8_bits_1000_steps_quad_weights_ones_weights_mask_ones_adamw_lr_1e-4_bs_256_CFG_0.1_2ways,samples-ema-100-10-0.5-img
36.22134273324167,7.593452827909175,"[6.877156680186085, 0.0]",0.01865747591091091,33.950390819861525,0.018480130305305348,0.5864999890327454,0.2508000135421753,cifar10_RGB_8_bits_1000_steps_quad_weights_ones_weights_mask_ones_adamw_lr_1e-4_bs_256_CFG_0.1_2ways,samples-ema-100-10-0.5-mask
48.08890038503131,17.88688407337458,"[6.3228129153595685, 0.0]",0.02136106044294296,44.82300900446565,0.020780349899899922,0.7861999869346619,0.07010000199079514,cifar10_RGB_8_bits_1000_steps_quad_weights_ones_weights_mask_ones_adamw_lr_1e-4_bs_256_CFG_0.1_2ways,samples-ema-100-2-0.5-half-half
47.0793384023612,17.31961459419915,"[6.100424581982908, 0.0]",0.0228335147172172,42.959414403423374,0.022277788313313323,0.8802599906921387,0.060920000076293945,cifar10_RGB_8_bits_1000_steps_quad_weights_ones_weights_mask_ones_adamw_lr_1e-4_bs_256_CFG_0.1_2ways,samples-ema-100-2-0.5-img
35.052113750444676,8.23781928642397,"[6.922369542384674, 0.0]",0.01928934468968973,32.868051625068276,0.01910751276526528,0.5550400018692017,0.217739999294281,cifar10_RGB_8_bits_1000_steps_quad_weights_ones_weights_mask_ones_adamw_lr_1e-4_bs_256_CFG_0.1_2ways,samples-ema-500-10-0.5-mask
95.68614801211874,27.225197835970476,"[5.348115639568835, 0.0]",0.043291610575575575,96.52990561587143,0.04562580426926928,0.637499988079071,0.019220000132918358,cifar10_RGB_8_bits_1000_steps_quad_weights_ones_weights_mask_ones_adamw_lr_1e-4_bs_256_CFG_0.1_2ways,samples-ema-500-2-0.5-half-half
82.58997360016974,24.37592136792332,"[4.841246119790622, 0.0]",0.040115658906406365,81.62554357925185,0.041878801201201174,0.9177200198173523,0.016839999705553055,cifar10_RGB_8_bits_1000_steps_quad_weights_ones_weights_mask_ones_adamw_lr_1e-4_bs_256_CFG_0.1_2ways,samples-ema-500-2-0.5-img
86.65674734172603,24.988531849199518,"[5.5884632563714485, 0.0]",0.038399540227727756,86.73229193974335,0.04002048160910908,0.6926400065422058,0.023180000483989716,cifar10_RGB_8_bits_1000_steps_quad_weights_ones_weights_mask_ones_adamw_lr_1e-4_bs_256_CFG_0.1_2ways,samples-ema-500-2-0.5-mask
47.05346769382015,16.481351480097366,"[6.556323987004631, 0.0]",0.018465128443443453,45.63347333447574,0.0186059373123123,0.7824000120162964,0.07885999977588654,cifar10_RGB_8_bits_1000_steps_quad_weights_ones_weights_mask_ones_adamw_lr_1e-4_bs_256_CFG_0.1_2ways,samples-ema-500-3-0.5-half-half
45.96376095837968,15.916862623926946,"[6.500771412082557, 0.0]",0.01805265687937939,44.159974451034735,0.018313109917417397,0.88264000415802,0.07413999736309052,cifar10_RGB_8_bits_1000_steps_quad_weights_ones_weights_mask_ones_adamw_lr_1e-4_bs_256_CFG_0.1_2ways,samples-ema-500-3-0.5-img
45.54766563257442,15.763438857116064,"[6.740340686743199, 0.0]",0.017807712019519535,43.90417058791628,0.018012311366366333,0.7925000190734863,0.0849199965596199,cifar10_RGB_8_bits_1000_steps_quad_weights_ones_weights_mask_ones_adamw_lr_1e-4_bs_256_CFG_0.1_2ways,samples-ema-500-3-0.5-mask
19.77833586654532,8.394602799271631,"[7.652029650618999, 0.0]",0.005794238963963966,17.700552477267852,0.004845906281281259,0.7628200054168701,0.2569600045681,cifar10_RGB_8_bits_1000_steps_quad_weights_ones_weights_mask_ones_adamw_lr_1e-4_bs_256_CFG_0.1_2ways,samples-ema-500-5-0.5-half-half
19.37951844779036,8.540369861145685,"[7.75418894707721, 0.0]",0.005815826006006005,17.077872558930217,0.0046007207182182305,0.8057600259780884,0.2485000044107437,cifar10_RGB_8_bits_1000_steps_quad_weights_ones_weights_mask_ones_adamw_lr_1e-4_bs_256_CFG_0.1_2ways,samples-ema-500-5-0.5-img
19.416254373876768,8.183015773438811,"[7.701867893434, 0.0]",0.005705818098098075,17.728975093344292,0.004900648260760768,0.7631999850273132,0.25227999687194824,cifar10_RGB_8_bits_1000_steps_quad_weights_ones_weights_mask_ones_adamw_lr_1e-4_bs_256_CFG_0.1_2ways,samples-ema-500-5-0.5-mask
19.259940602769916,6.284147501839527,"[7.630563292178577, 0.0]",0.007638316323823797,16.905716730346356,0.006365633538538541,0.6764199733734131,0.29089999198913574,cifar10_RGB_8_bits_1000_steps_quad_weights_ones_weights_mask_ones_adamw_lr_1e-4_bs_256_CFG_0.1_2ways,samples-ema-500-7-0.5-half-half
18.36895570303932,6.242271207097481,"[7.761375372309191, 0.0]",0.0067417812337337455,15.936459063163426,0.005625976604104103,0.7040200233459473,0.29412001371383667,cifar10_RGB_8_bits_1000_steps_quad_weights_ones_weights_mask_ones_adamw_lr_1e-4_bs_256_CFG_0.1_2ways,samples-ema-500-7-0.5-img
19.77196436266337,6.244862811403529,"[7.727907112538214, 0.0]",0.0075322382407407035,17.929765491509208,0.006639867309809802,0.6704800128936768,0.2788800001144409,cifar10_RGB_8_bits_1000_steps_quad_weights_ones_weights_mask_ones_adamw_lr_1e-4_bs_256_CFG_0.1_2ways,samples-ema-500-7-0.5-mask
